anio,poblacion,pib,tecnologia,energia,comida,tension,infectados,socios
1,1109,1318.88,1.0251,13450,58070,0.85,0,ninguno
2,1173,1279.65,1.0503,16781,65589,1.04,0,ninguno
3,1230,1247.41,1.0756,20090,72671,1.24,0,ninguno
4,1281,1231.65,1.101,23370,79445,1.4,0,ninguno
5,1328,1215.06,1.1265,26673,86008,1.56,0,ninguno
6,1372,1215.97,1.1521,29996,92424,1.66,0,ninguno
7,1413,1221.01,1.1778,33395,98758,1.75,0,ninguno
8,1454,1225.7,1.2036,36869,105072,1.83,0,ninguno
9,1493,1239.22,1.2295,40420,111397,1.88,0,ninguno
10,1533,1252.43,1.2555,44109,117766,1.93,0,ninguno
11,1571,1269.92,1.2816,47938,124176,1.97,0,ninguno
12,1611,1282.53,1.3078,51911,130691,2.02,0,ninguno
13,1650,1299.43,1.3341,56030,137308,2.06,0,ninguno
14,1690,1325.12,1.3605,60300,144028,2.07,0,ninguno
15,1730,1345.95,1.387,64721,150880,2.1,0,ninguno
16,1770,1366.48,1.4136,69368,157864,2.13,0,ninguno
17,1812,1382.26,1.4403,74174,165010,2.16,0,ninguno
18,1854,1406.73,1.4671,79215,172285,2.18,0,ninguno
19,1897,1430.9,1.494,84423,179751,2.2,0,ninguno
20,1940,1450.39,1.521,89876,187374,2.23,0,ninguno
21,1985,1478.42,1.5481,95580,195156,2.24,0,ninguno
22,2030,1501.82,1.5753,101463,203124,2.27,0,ninguno
23,2076,1525.01,1.6026,107606,211278,2.29,0,ninguno
24,2123,1548.0,1.63,114017,219617,2.32,0,ninguno
25,2171,1575.09,1.6575,120700,228139,2.33,0,ninguno
26,2219,1597.76,1.6851,127661,236874,2.36,0,ninguno
27,2269,1620.32,1.7128,134907,245821,2.39,0,ninguno
28,2319,1655.31,1.7406,142358,254949,2.39,0,ninguno
29,2371,1681.81,1.7685,150104,264286,2.41,0,ninguno
30,2423,1699.99,1.7965,158239,273861,2.45,0,ninguno
31,2476,1726.41,1.8246,166682,283643,2.47,0,ninguno
32,2531,1760.97,1.8528,175440,293632,2.48,0,ninguno
33,2586,1787.37,1.8811,184519,303855,2.5,0,ninguno
34,2642,1817.84,1.9095,193925,314311,2.52,0,ninguno
35,2699,1844.36,1.9152,203663,325001,2.54,0,ninguno
36,2757,1852.93,1.9209,213718,335922,2.6,0,ninguno
37,2816,1865.27,1.9267,223995,347074,2.65,0,ninguno
38,2876,1873.63,1.9324,234495,358485,2.71,0,ninguno
39,2937,1878.24,1.9382,245317,370153,2.78,0,ninguno
40,2999,1890.31,1.944,256364,382079,2.83,0,ninguno
41,3062,1898.67,1.9498,267737,394260,2.89,0,ninguno
42,3126,1910.64,1.9557,279338,406696,2.94,0,ninguno
43,3191,1919.08,1.9615,291268,419415,3.0,0,ninguno
44,3257,1931.06,1.9674,303429,432415,3.05,0,ninguno
45,3323,1943.06,1.9733,315922,445697,3.1,0,ninguno
46,3391,1955.12,1.9792,328749,459259,3.15,0,ninguno
47,3460,1970.54,1.9852,341811,473100,3.19,0,ninguno
48,3530,1982.72,1.9911,355211,487248,3.24,0,ninguno
49,3601,1998.22,1.9971,368950,501672,3.29,0,ninguno
50,3674,13.79,2.0031,383029,516401,3.33,0,africa
51,3747,26.31,2.0091,397452,531432,3.38,0,asia
52,3821,42.08,2.0152,412219,546796,3.42,0,africa
53,3896,57.97,2.0212,427333,562461,3.47,0,europa
54,3973,77.01,2.0273,442795,578455,3.5,0,europa
55,4051,93.16,2.0334,458608,594778,3.54,0,africa
56,4129,109.49,2.0395,474773,611427,3.59,0,europa
57,4209,125.98,2.0457,491293,628432,3.63,0,africa
58,4290,142.67,2.0518,508272,645791,3.67,0,europa
59,4372,168.1,2.058,525610,663473,3.69,0,europa
60,4456,187.98,2.0642,543309,681507,3.73,0,asia
61,4540,202.46,2.0642,561474,699919,3.77,0,africa
62,4626,221.56,2.0642,579949,718681,3.81,0,europa
63,4712,235.15,2.0642,598836,737820,3.86,0,europa
64,4800,251.47,2.0642,618033,757336,3.9,0,asia
65,4890,265.13,2.0642,637643,777226,3.94,0,africa
66,4980,284.08,2.0642,657563,797488,3.98,0,asia
67,5071,297.82,2.0642,677895,818152,4.02,0,asia
68,5164,316.74,2.0642,698640,839217,4.06,0,europa
69,5258,333.09,2.0642,719798,860680,4.09,0,asia
70,5353,351.97,2.0642,741266,882540,4.13,0,africa
71,5449,368.36,2.0642,763146,904827,4.17,0,africa
72,5547,387.21,2.0642,785440,927538,4.2,0,asia
73,5646,406.05,2.0642,808146,950671,4.24,0,africa
74,5746,424.87,2.0642,831265,974226,4.27,0,asia
75,5847,446.06,2.0642,854797,998231,4.3,0,africa
76,5949,464.84,2.0642,878845,1022655,4.34,0,europa
77,6053,485.94,2.0642,903306,1047526,4.37,0,europa
78,6158,507.0,2.0642,928179,1072842,4.4,0,africa
79,6264,530.3,2.0642,953466,1098633,4.43,0,europa
80,6372,548.99,2.0642,979268,1124866,4.46,0,europa
81,6481,569.89,2.0642,1005483,1151599,4.49,0,africa
82,6591,592.96,2.0642,1032215,1178802,4.52,0,africa
83,6702,615.95,2.0642,1059359,1206473,4.55,0,asia
84,6815,636.67,2.0642,1087019,1234641,4.58,0,europa
85,6929,659.48,2.0642,1115196,1263303,4.61,0,africa
86,7044,684.35,2.0642,1143785,1292458,4.63,0,africa
87,7160,706.97,2.0642,1172890,1322135,4.66,0,asia
88,7278,731.61,2.0642,1202511,1352303,4.68,0,europa
89,7397,754.02,2.0642,1232649,1382989,4.71,0,asia
90,7518,778.4,2.0642,1263302,1414193,4.74,0,europa
91,7639,800.57,2.0642,1294471,1445941,4.77,0,africa
92,7763,826.72,2.0642,1326157,1478235,4.79,0,africa
93,7887,850.67,2.0642,1358358,1511069,4.81,0,asia
94,8013,876.49,2.0642,1391076,1544445,4.84,0,asia
95,8140,900.13,2.0642,1424310,1578389,4.86,0,europa
96,8268,923.61,2.0642,1458163,1612901,4.89,0,asia
97,8397,950.86,2.0642,1492531,1647979,4.91,0,europa
98,8528,977.91,2.0642,1527416,1683623,4.93,0,asia
99,8661,1002.82,2.0642,1562921,1719829,4.95,0,europa
100,8794,1029.45,2.0642,1598941,1756656,4.98,0,europa
101,8929,1053.95,2.0642,1635581,1794073,5.0,0,africa
102,9065,1080.13,2.0642,1672839,1832079,5.02,0,africa
103,9203,1106.08,2.0642,1710614,1870701,5.04,0,africa
104,9342,1133.68,2.0642,1749008,1909937,5.06,0,africa
105,9482,1159.16,2.0642,1788022,1949787,5.09,0,asia
106,9624,1186.23,2.0642,1827654,1990248,5.11,0,africa
107,9766,1211.21,2.0642,1867906,2031349,5.13,0,asia
108,9910,1237.75,2.0642,1908777,2073090,5.15,0,africa
109,10056,1264.01,2.0642,1950268,2115468,5.17,0,asia
110,10202,1291.79,2.0642,1992377,2158511,5.19,0,europa
111,10350,1319.28,2.0642,2035106,2202189,5.21,0,europa
112,10500,1344.69,2.0642,2078455,2246559,5.23,0,africa
113,10650,1371.57,2.0642,2122422,2291589,5.25,0,asia
114,10802,1399.88,2.0642,2167112,2337279,5.27,0,africa
115,10955,1426.14,2.0642,2212421,2383656,5.29,0,africa
116,11110,1452.07,2.0642,2258453,2430720,5.31,0,europa
117,11265,1477.68,2.0642,2305104,2478498,5.34,0,asia
118,11422,1506.36,2.0642,2352477,2526960,5.35,0,asia
119,11580,1533.01,2.0642,2400470,2576134,5.37,0,europa
120,11740,1559.31,2.0642,2449185,2626018,5.39,0,africa
121,11900,1585.25,2.0642,2498623,2676610,5.41,4,europa
122,12062,1610.85,2.0642,2548783,2727940,5.43,3,europa
123,12225,1636.08,2.0642,2599665,2780006,5.45,3,europa
124,12390,1664.23,2.0642,2651167,2832806,5.47,3,africa
125,12555,1688.75,2.0642,2703391,2886368,5.49,3,europa
126,12722,1712.9,2.0642,2756441,2940692,5.51,3,europa
127,12890,1739.89,2.0642,2810214,2995745,5.53,3,asia
128,13059,1766.49,2.0642,2864708,3051557,5.55,3,asia
129,13229,1791.13,2.0642,2919926,3108156,5.57,3,asia
130,13400,1818.52,2.0642,2975866,3165512,5.59,3,europa
131,13573,1843.96,2.0642,3032528,3223652,5.61,3,europa
132,13746,1869.01,2.0642,3090016,3282574,5.62,3,asia
133,13921,1892.12,2.0642,3148226,3342309,5.65,3,europa
134,14097,1917.89,2.0642,3207262,3402824,5.66,3,africa
135,14274,1943.27,2.0642,3267021,3464147,5.68,3,africa
136,14452,1968.24,2.0642,3327605,3526278,5.7,3,asia
137,14631,1991.31,2.0642,3388912,3589246,5.72,3,africa
138,14811,2016.95,2.0642,3451044,3653019,5.74,3,asia
139,14992,2039.23,2.0642,3514003,3717626,5.76,3,africa
140,15174,2062.58,2.0642,3577786,3783065,5.78,3,asia
141,15357,2088.43,2.0642,3642293,3849336,5.79,2,asia
142,15541,2110.98,2.0642,3707624,3916468,5.81,2,africa
143,15727,2134.55,2.0642,3773782,3984429,5.83,2,africa
144,15913,2157.72,2.0642,3840765,4053246,5.85,2,africa
145,16100,2180.48,2.0642,3908574,4122921,5.87,2,asia
146,16287,2202.83,2.0642,3977209,4193481,5.89,2,europa
147,16476,2226.18,2.0642,4046669,4264896,5.9,2,africa
148,16666,2244.94,2.0642,4117059,4337195,5.92,2,africa
149,16857,2268.84,2.0642,4188273,4410346,5.94,2,asia
150,17048,2290.96,2.0642,4260314,4484407,5.96,2,europa
151,17240,2312.67,2.0642,4333180,4559350,5.98,2,africa
152,17433,2333.98,2.0642,4406975,4635172,5.99,2,europa
153,17627,2354.89,2.0642,4481596,4711902,6.01,2,asia
154,17822,2376.73,2.0642,4557043,4789540,6.03,2,europa
155,18017,2395.53,2.0642,4633418,4868083,6.05,2,africa
156,18213,2416.57,2.0642,4710619,4947533,6.06,2,africa
157,18410,2437.22,2.0642,4788749,5027887,6.08,2,europa
158,18607,2457.48,2.0642,4867705,5109175,6.1,2,europa
159,18806,2476.06,2.0642,4947589,5191397,6.12,2,asia
160,19004,2495.55,2.0642,5028403,5274550,6.13,2,europa
161,19204,2514.65,2.0642,5110042,5358635,6.15,2,europa
162,19404,2533.38,2.0642,5192610,5443650,6.17,2,africa
163,19604,2552.99,2.0642,5276107,5529595,6.18,2,asia
164,19806,2569.73,2.0642,5360533,5616501,6.2,2,europa
165,20007,2588.6,2.0642,5445784,5704363,6.22,2,europa
166,20210,2607.09,2.0642,5531964,5793155,6.24,2,europa
167,20412,2625.23,2.0642,5619074,5882903,6.25,2,africa
168,20615,2640.57,2.0642,5707112,5973609,6.27,1,europa
169,20819,2659.2,2.0642,5796079,6065271,6.29,1,asia
170,21023,2676.28,2.0642,5885975,6157888,6.3,1,asia
171,21227,2691.82,2.0642,5976800,6251490,6.32,1,europa
172,21432,2709.39,2.0642,6068553,6346048,6.33,1,asia
173,21637,2724.27,2.0642,6161236,6441589,6.35,1,africa
174,21842,2741.17,2.0642,6254847,6538085,6.37,1,asia
175,22048,2756.58,2.0642,6349388,6635565,6.38,1,europa
176,22254,2771.66,2.0642,6444857,6734027,6.4,1,europa
177,22460,2787.58,2.0642,6541255,6833472,6.41,1,europa
178,22666,2802.05,2.0642,6638582,6933900,6.43,1,asia
179,22873,2816.21,2.0642,6736838,7035341,6.45,1,africa
180,23080,2828.96,2.0642,6836126,7137763,6.46,1,africa
181,23286,2844.76,2.0642,6936343,7241167,6.48,1,africa
182,23493,2859.16,2.0642,7037489,7345554,6.49,1,asia
183,23700,2872.16,2.0642,7139563,7450923,6.51,1,africa
184,23907,2884.9,2.0642,7242567,7557303,6.52,1,asia
185,24114,2897.36,2.0642,7346603,7664694,6.54,1,europa
186,24321,2911.71,2.0642,7451567,7773067,6.55,1,africa
187,24528,2924.72,2.0642,7557461,7882422,6.57,1,asia
188,24735,2936.41,2.0642,7664283,7992789,6.58,1,africa
189,24941,2948.9,2.0642,7772034,8104167,6.6,1,europa
190,25148,2960.09,2.0642,7880818,8216527,6.61,1,europa
191,25354,2972.09,2.0642,7990530,8329900,6.63,1,africa
192,25561,2984.89,2.0642,8101171,8444255,6.64,1,europa
193,25767,2996.41,2.0642,8212741,8559622,6.65,1,africa
194,25972,3006.69,2.0642,8325343,8675971,6.67,1,asia
195,26178,3017.76,2.0642,8438874,8793335,6.68,1,asia
196,26383,3027.6,2.0642,8553334,8911711,6.7,1,asia
197,26588,3038.24,2.0642,8668723,9031072,6.71,1,europa
198,26792,3047.68,2.0642,8785144,9151446,6.73,1,africa
199,26996,3058.9,2.0642,8902493,9272806,6.74,1,europa
200,27200,3067.95,2.0642,9020772,9395181,6.75,1,asia
201,27403,3077.8,2.0642,9139980,9518541,6.76,1,europa
202,27606,3086.48,2.0642,9260116,9642917,6.78,1,europa
203,27808,3094.99,2.0642,9381285,9768280,6.79,1,asia
204,28009,3104.29,2.0642,9503382,9894630,6.8,1,africa
205,28210,3113.42,2.0642,9626408,10021970,6.82,1,europa
206,28411,3121.43,2.0642,9750364,10150298,6.83,1,europa
207,28611,3130.23,2.0642,9875248,10279614,6.84,1,asia
208,28810,3137.94,2.0642,10001061,10409921,6.86,1,asia
209,29008,3145.5,2.0642,10127803,10541219,6.87,1,europa
210,29206,3152.92,2.0642,10255473,10673510,6.88,1,asia
211,29403,3160.2,2.0642,10384073,10806792,6.89,1,europa
212,29599,3168.27,2.0642,10513602,10941039,6.9,1,africa
213,29794,3174.38,2.0642,10644059,11076250,6.92,1,europa
214,29988,3181.28,2.0642,10775445,11212457,6.93,0,europa
215,30182,3187.16,2.0642,10907761,11349632,6.94,0,asia
216,30374,3193.83,2.0642,11041005,11487773,6.95,0,asia
217,30566,3200.4,2.0642,11175178,11626854,6.96,0,europa
218,30757,3206.85,2.0642,11310280,11766905,6.97,0,africa
219,30946,3210.56,2.0642,11446310,11907927,6.99,0,asia
220,31135,3217.7,2.0642,11583167,12049892,7.0,0,asia
221,31323,3223.0,2.0642,11720952,12192800,7.01,0,europa
222,31509,3228.22,2.0642,11859666,12336652,7.02,4,africa
223,31695,3233.35,2.0642,11999206,12481451,7.03,4,africa
224,31879,3237.56,2.0642,12139675,12627197,7.04,4,asia
225,32062,3241.69,2.0642,12281073,12773892,7.05,4,europa
226,32244,3247.47,2.0642,12423296,12921508,7.06,4,asia
227,32424,3251.49,2.0642,12566345,13070045,7.07,4,asia
228,32604,3255.45,2.0642,12710323,13219506,7.08,4,asia
229,32782,3260.2,2.0642,12855127,13369861,7.09,4,asia
230,32958,3263.23,2.0642,13000859,13521143,7.1,4,europa
231,33134,3267.05,2.0642,13147418,13673323,7.11,4,europa
232,33308,3270.83,2.0642,13294801,13826403,7.12,4,asia
233,33480,3273.75,2.0642,13443011,13980383,7.13,4,africa
234,33651,3277.46,2.0642,13592046,14135237,7.14,3,europa
235,33821,3280.33,2.0642,13741907,14290996,7.15,3,africa
236,33989,3283.17,2.0642,13892594,14447631,7.16,3,africa
237,34156,3286.0,2.0642,14044106,14605114,7.17,3,europa
238,34321,3288.01,2.0642,14196444,14763477,7.18,3,asia
239,34484,3290.8,2.0642,14349608,14922692,7.19,3,asia
240,34646,3292.79,2.0642,14503597,15082761,7.2,3,africa
241,34807,3293.99,2.0642,14658412,15243686,7.21,3,africa
242,34965,3296.76,2.0642,14813949,15405437,7.21,3,africa
243,35122,3298.75,2.0642,14970313,15568019,7.22,3,africa
244,35277,3300.74,2.0642,15127398,15731403,7.23,3,africa
245,35431,3301.19,2.0642,15285309,15895620,7.24,3,asia
246,35583,3302.43,2.0642,15443943,16060643,7.25,3,africa
247,35733,3303.69,2.0642,15603299,16226474,7.26,3,africa
248,35881,3305.72,2.0642,15763378,16393084,7.26,3,africa
249,36027,3306.26,2.0642,15924283,16560477,7.27,3,europa
250,36172,3306.82,2.0642,16085909,16728654,7.28,3,europa
251,36314,3307.41,2.0642,16248259,16897618,7.29,3,europa
252,36458,3307.28,2.0642,16411331,17067341,7.29,3,asia
253,36603,3307.93,2.0642,16575022,17237822,7.3,2,asia
254,36749,3308.62,2.0642,16739435,17409028,7.31,2,asia
255,36895,3308.6,2.0642,16904571,17580959,7.32,2,asia
256,37043,3308.63,2.0642,17070430,17753615,7.33,2,europa
257,37191,3308.7,2.0642,17236907,17927023,7.33,2,africa
258,37339,3308.82,2.0642,17404108,18101154,7.34,2,africa
259,37488,3308.98,2.0642,17572030,18276007,7.35,2,europa
260,37638,3309.19,2.0642,17740572,18451582,7.36,2,africa
261,37788,3309.46,2.0642,17909837,18627876,7.36,2,europa
262,37939,3309.77,2.0642,18079823,18804861,7.37,2,asia
263,38091,3310.14,2.0642,18250430,18982594,7.38,2,europa
264,38242,3310.56,2.0642,18421758,19161045,7.39,2,europa
265,38395,3311.04,2.0642,18593809,19340214,7.39,2,asia
266,38547,3312.28,2.0642,18766480,19520100,7.4,2,asia
267,38701,3312.16,2.0642,18939872,19700734,7.41,2,asia
268,38854,3312.8,2.0642,19113988,19882083,7.42,2,asia
269,39009,3314.2,2.0642,19288825,20064148,7.42,2,asia
270,39163,3314.95,2.0642,19464282,20246957,7.43,2,europa
271,39318,3316.46,2.0642,19640462,20430481,7.44,2,europa
272,39474,3318.02,2.0642,19817364,20614750,7.44,2,asia
273,39630,3318.25,2.0642,19994988,20799761,7.45,2,asia
274,39787,3319.92,2.0642,20173335,20985485,7.46,2,asia
275,39944,3321.65,2.0642,20352404,21171951,7.46,2,asia
276,40102,3322.06,2.0642,20532196,21359188,7.47,2,europa
277,40260,3324.57,2.0642,20712607,21547165,7.48,2,africa
278,40418,3327.13,2.0642,20893741,21735883,7.48,2,europa
279,40578,3328.39,2.0642,21075597,21925342,7.49,2,africa
280,40737,3330.38,2.0642,21258175,22115568,7.5,1,europa
281,40897,3332.42,2.0642,21441476,22306534,7.5,1,africa
282,41058,3334.51,2.0642,21625500,22498267,7.51,1,asia
283,41219,3336.64,2.0642,21810246,22690768,7.52,1,africa
284,41381,3338.17,2.0642,21995817,22884035,7.52,1,africa
285,41543,3341.07,2.0642,22182111,23078038,7.53,1,africa
286,41705,3344.01,2.0642,22369128,23272806,7.53,1,africa
287,41868,3347.0,2.0642,22556867,23468340,7.54,1,asia
288,42032,3349.38,2.0642,22745328,23664639,7.55,1,asia
289,42196,3351.81,2.0642,22934512,23861730,7.55,1,africa
290,42361,3354.93,2.0642,23124419,24059585,7.56,1,africa
291,42526,3356.79,2.0642,23315151,24258232,7.57,1,asia
292,42692,3361.28,2.0642,23506605,24457641,7.57,1,europa
293,42858,3364.52,2.0642,23698782,24657840,7.58,1,europa
294,43025,3367.16,2.0642,23891682,24858831,7.58,1,africa
295,43192,3370.48,2.0642,24085407,25060611,7.59,1,europa
296,43360,3373.83,2.0642,24279855,25263180,7.59,1,asia
297,43528,3377.22,2.0642,24475025,25466538,7.6,1,africa
298,43697,3380.64,2.0642,24671020,25670685,7.61,1,europa
299,43867,3384.72,2.0642,24867739,25875618,7.61,1,africa
300,44037,3387.58,2.0642,25065283,26081368,7.62,1,africa
301,44207,3391.73,2.0642,25263549,26287903,7.62,1,europa
302,44378,3395.27,2.0642,25462641,26495255,7.63,1,africa
303,44550,3399.47,2.0642,25662456,26703421,7.63,1,asia
304,44722,3402.46,2.0642,25863096,26912401,7.64,1,europa
305,44894,3407.33,2.0642,26064459,27122195,7.64,1,africa
306,45068,3411.6,2.0642,26266647,27332772,7.65,1,europa
307,45241,3415.29,2.0642,26469558,27544191,7.65,1,africa
308,45416,3419.61,2.0642,26673294,27756421,7.66,1,asia
309,45591,3423.34,2.0642,26877857,27969492,7.66,1,asia
310,45766,3428.92,2.0642,27083141,28183373,7.67,1,europa
311,45942,3432.69,2.0642,27289252,28398094,7.67,1,asia
312,46119,3437.69,2.0642,27496188,28613624,7.68,1,africa
313,46296,3442.11,2.0642,27703846,28829991,7.68,1,europa
314,46474,3447.14,2.0642,27912330,29047196,7.69,1,europa
315,46652,3451.58,2.0642,28121640,29265237,7.69,1,africa
316,46831,3456.04,2.0642,28331776,29484114,7.7,1,europa
317,47010,3459.91,2.0642,28542737,29703857,7.7,1,asia
318,47190,3466.17,2.0642,28754421,29924435,7.71,1,africa
319,47371,3470.67,2.0642,28966930,30145877,7.71,1,africa
320,47552,3475.76,2.0642,29180265,30368152,7.72,1,africa
321,47733,3480.26,2.0642,29394426,30591290,7.72,1,africa
322,47916,3485.37,2.0642,29609413,30815290,7.73,1,asia
323,48099,3490.47,2.0642,29825225,31040151,7.73,1,asia
324,48282,3495.58,2.0642,30041862,31265872,7.74,1,asia
325,48466,3500.7,2.0642,30259326,31492454,7.74,1,africa
326,48651,3506.4,2.0642,30477615,31719894,7.75,1,africa
327,48836,3511.51,2.0642,30696730,31948223,7.75,0,europa
328,49022,3517.21,2.0642,30916670,32177410,7.76,4,africa
329,49208,3521.75,2.0642,31137540,32407484,7.76,4,europa
330,49395,3527.43,2.0642,31359235,32638444,7.77,4,europa
331,49583,3533.12,2.0642,31581756,32870260,7.77,4,asia
332,49771,3538.22,2.0642,31805102,33102990,7.77,4,africa
333,49960,3543.9,2.0642,32029274,33336605,7.78,4,asia
334,50150,3549.56,2.0642,32254375,33571103,7.78,4,europa
335,50340,3555.22,2.0642,32480302,33806483,7.79,4,europa
336,50530,3560.87,2.0642,32707054,34042775,7.79,4,europa
337,50722,3566.51,2.0642,32934735,34279949,7.8,4,europa
338,50913,3572.7,2.0642,33163242,34518033,7.8,4,africa
339,51106,3577.76,2.0642,33392678,34757027,7.81,4,asia
340,51299,3583.37,2.0642,33622940,34996930,7.81,4,europa
341,51493,3590.08,2.0642,33854027,35237741,7.81,3,africa
342,51687,3595.67,2.0642,34086043,35479460,7.82,3,africa
343,51882,3601.24,2.0642,34318885,35722115,7.82,3,europa
344,52078,3607.34,2.0642,34552655,35965677,7.83,3,asia
345,52274,3612.33,2.0642,34787355,36210173,7.83,3,asia
346,52471,3619.5,2.0642,35022880,36455574,7.83,3,asia
347,52669,3625.56,2.0642,35259334,36701909,7.84,3,asia
348,52867,3631.6,2.0642,35496614,36949176,7.84,3,africa
349,53066,3637.61,2.0642,35734823,37197376,7.85,3,europa
350,53265,3643.61,2.0642,35973960,37446507,7.85,3,africa
351,53465,3649.05,2.0642,36214027,37696599,7.86,3,africa
352,53666,3655.54,2.0642,36454919,37947621,7.86,3,asia
353,53867,3661.48,2.0642,36696740,38199602,7.86,3,asia
354,54069,3667.93,2.0642,36939490,38452541,7.87,3,europa
355,54272,3674.36,2.0642,37183169,38706408,7.87,3,africa
356,54475,3680.22,2.0642,37427776,38961232,7.88,3,europa
357,54679,3686.6,2.0642,37673313,39217012,7.88,3,asia
358,54884,3691.89,2.0642,37919778,39473777,7.88,3,asia
359,55089,3698.74,2.0642,38167173,39731496,7.89,3,asia
360,55295,3704.51,2.0642,38415496,39990200,7.89,2,africa
361,55502,3711.31,2.0642,38664748,40249856,7.9,2,africa
362,55709,3717.56,2.0642,38914929,40510493,7.9,2,asia
363,55917,3724.3,2.0642,39166039,40772112,7.9,2,asia
364,56125,3730.49,2.0642,39418078,41034712,7.91,2,europa
365,56335,3736.65,2.0642,39671046,41298292,7.91,2,asia
366,56545,3743.82,2.0642,39924942,41562850,7.92,2,asia
367,56755,3749.92,2.0642,40179768,41828416,7.92,2,europa
368,56967,3755.99,2.0642,40435625,42094960,7.92,2,asia
369,57179,3762.55,2.0642,40692412,42362510,7.93,2,asia
370,57391,3769.07,2.0642,40950127,42631065,7.93,2,africa
371,57605,3775.57,2.0642,41208772,42900626,7.93,2,asia
372,57819,3782.03,2.0642,41468448,43171190,7.94,2,africa
373,58033,3788.96,2.0642,41729053,43442757,7.94,2,asia
374,58249,3795.36,2.0642,41990691,43715327,7.95,2,africa
375,58465,3801.72,2.0642,42253257,43988928,7.95,2,europa
376,58682,3807.53,2.0642,42516855,44263560,7.95,2,asia
377,58899,3814.84,2.0642,42781382,44539192,7.96,2,europa
378,59117,3821.09,2.0642,43046942,44815853,7.96,2,asia
379,59336,3828.32,2.0642,43313430,45093543,7.96,2,asia
380,59556,3834.5,2.0642,43580950,45372260,7.97,2,africa
381,59776,3841.15,2.0642,43849399,45652032,7.97,2,africa
382,59997,3847.77,2.0642,44118881,45932831,7.98,2,africa
383,60219,3854.34,2.0642,44389394,46214655,7.98,2,asia
384,60441,3860.88,2.0642,44660836,46497562,7.98,2,asia
385,60664,3867.88,2.0642,44933311,46781493,7.99,2,europa
386,60888,3874.34,2.0642,45206817,47066476,7.99,2,asia
387,61112,3880.76,2.0642,45481356,47352510,7.99,1,europa
388,61338,3886.66,2.0642,45756927,47639626,8.0,1,asia
389,61564,3894.48,2.0642,46033426,47927790,8.0,1,asia
390,61790,3900.78,2.0642,46310958,48217034,8.0,1,europa
391,62018,3907.54,2.0642,46589522,48507356,8.01,1,asia
392,62246,3914.26,2.0642,46869118,48798724,8.01,1,africa
393,62475,3920.93,2.0642,47149746,49091169,8.02,1,africa
394,62705,3927.57,2.0642,47431406,49384719,8.02,1,europa
395,62935,3934.16,2.0642,47714098,49679343,8.02,1,africa
396,63166,3941.2,2.0642,47997822,49975041,8.03,1,asia
397,63398,3947.23,2.0642,48282682,50271842,8.03,1,asia
398,63630,3954.18,2.0642,48568573,50569714,8.03,1,europa
399,63864,3961.09,2.0642,48855497,50868688,8.04,1,africa
400,64098,3967.95,2.0642,49143453,51168761,8.04,1,asia
401,64333,3974.3,2.0642,49432441,51469964,8.04,1,europa
402,64568,3981.08,2.0642,49722564,51772264,8.05,1,europa
403,64804,3987.81,2.0642,50013720,52075662,8.05,1,asia
404,65041,3994.98,2.0642,50305907,52380188,8.05,1,europa
405,65279,4001.16,2.0642,50599230,52685838,8.06,1,asia
406,65518,4007.76,2.0642,50893585,52992614,8.06,1,asia
407,65757,4014.79,2.0642,51189075,53300512,8.06,1,asia
408,65997,4021.78,2.0642,51485598,53609534,8.07,1,asia
409,66238,4028.26,2.0642,51783255,53919677,8.07,1,asia
410,66480,4034.69,2.0642,52081945,54230972,8.07,1,africa
411,66722,4042.01,2.0642,52381770,54543386,8.08,1,asia
412,66965,4047.89,2.0642,52682730,54856979,8.08,1,asia
413,67209,4055.58,2.0642,52984723,55171691,8.08,1,africa
414,67454,4062.3,2.0642,53287851,55487550,8.09,1,europa
415,67699,4068.05,2.0642,53592114,55804586,8.09,1,europa
416,67946,4075.6,2.0642,53897409,56122767,8.1,1,asia
417,68193,4082.19,2.0642,54203839,56442122,8.1,1,europa
418,68441,4089.18,2.0642,54511405,56762620,8.1,1,africa
419,68689,4096.13,2.0642,54820106,57084291,8.11,1,africa
420,68939,4102.58,2.0642,55129943,57407134,8.11,1,europa
421,69189,4109.44,2.0642,55440915,57731147,8.11,1,africa
422,69440,4115.8,2.0642,55753022,58056360,8.12,1,europa
423,69692,4123.02,2.0642,56066264,58382742,8.12,1,africa
424,69944,4129.29,2.0642,56380642,58710322,8.12,1,europa
425,70198,4136.41,2.0642,56696155,59039099,8.13,1,asia
426,70452,4143.03,2.0642,57012803,59369072,8.13,1,africa
427,70707,4150.06,2.0642,57330586,59700239,8.13,1,europa
428,70963,4156.6,2.0642,57649505,60032631,8.14,1,africa
429,71219,4163.97,2.0642,57969560,60366215,8.14,1,europa
430,71477,4170.42,2.0642,58290852,60700992,8.14,1,africa
431,71735,4177.25,2.0642,58613280,61036990,8.14,1,europa
432,71994,4184.04,2.0642,58936844,61374208,8.15,1,asia
433,72254,4190.79,2.0642,59261646,61712645,8.15,1,africa
434,72515,4197.48,2.0642,59587583,62052330,8.15,0,asia
435,72776,4204.57,2.0642,59914655,62393232,8.16,0,africa
436,73039,4210.74,2.0642,60242966,62735381,8.16,0,asia
437,73302,4217.73,2.0642,60572413,63078774,8.16,0,europa
438,73566,4224.67,2.0642,60903097,63423382,8.17,0,europa
439,73831,4230.7,2.0642,61235021,63769263,8.17,0,asia
440,74096,4237.98,2.0642,61568079,64116386,8.17,0,asia
441,74363,4245.21,2.0642,61902377,64464750,8.18,0,africa
442,74630,4251.53,2.0642,62237912,64814385,8.18,0,africa
443,74899,4258.24,2.0642,62574583,65165289,8.18,0,asia
444,75168,4265.32,2.0642,62912493,65517430,8.19,0,africa
445,75438,4271.93,2.0642,63251641,65870838,8.19,0,asia
446,75708,4278.49,2.0642,63592027,66225543,8.19,0,africa
447,75980,4285.0,2.0642,63933653,66581543,8.2,0,africa
448,76252,4292.74,2.0642,64276413,66938807,8.2,0,africa
449,76526,4299.16,2.0642,64620412,67297365,8.2,0,europa
450,76800,4305.95,2.0642,64965649,67657214,8.21,0,asia
451,77075,4312.7,2.0642,65312125,68018354,8.21,0,africa
452,77351,4319.81,2.0642,65659840,68380784,8.21,0,africa
453,77628,4325.62,2.0642,66008896,68744532,8.21,0,asia
454,77905,4332.64,2.0642,66359191,69109569,8.22,0,europa
455,78184,4339.61,2.0642,66710724,69475923,8.22,0,asia
456,78463,4346.53,2.0642,67063496,69843592,8.22,0,africa
457,78744,4353.4,2.0642,67417506,70212576,8.23,0,africa
458,79025,4360.22,2.0642,67772858,70582874,8.23,0,asia
459,79307,4366.58,2.0642,68129449,70954514,8.23,0,asia
460,79590,4373.72,2.0642,68487278,71327495,8.24,0,europa
461,79874,4380.39,2.0642,68846449,71701787,8.24,0,africa
462,80159,4387.43,2.0642,69206858,72077418,8.24,0,africa
463,80444,4394.01,2.0642,69568609,72454388,8.24,0,asia
464,80731,4400.54,2.0642,69931599,72832725,8.25,0,africa
465,81018,4407.43,2.0642,70295930,73212398,8.25,0,asia
466,81307,4414.26,2.0642,70661500,73593436,8.25,0,asia
467,81596,4420.65,2.0642,71028411,73975838,8.26,0,africa
468,81886,4427.39,2.0642,71396664,74359602,8.26,0,asia
469,82177,4434.49,2.0642,71766156,74744729,8.26,0,asia
470,82469,4441.13,2.0642,72136990,75131247,8.27,0,africa
471,82762,4448.12,2.0642,72509165,75519124,8.27,0,asia
472,83056,4455.07,2.0642,72882682,75908390,8.27,0,europa
473,83351,4461.17,2.0642,73257541,76299042,8.27,0,europa
474,83646,4468.41,2.0642,73633741,76691081,8.28,0,asia
475,83943,4474.42,2.0642,74011283,77084536,8.28,0,asia
476,84240,4481.56,2.0642,74390167,77479374,8.28,0,europa
477,84539,4488.26,2.0642,74770393,77875626,8.29,0,asia
478,84838,4495.3,2.0642,75151960,78273290,8.29,0,europa
479,85138,4501.9,2.0642,75534869,78672364,8.29,0,asia
480,85440,4508.84,2.0642,75919120,79072848,8.3,0,asia
481,85742,4515.35,2.0642,76304713,79474770,8.3,0,asia
482,86045,4522.58,2.0642,76691647,79878100,8.3,0,europa
483,86349,4528.99,2.0642,77080026,80282866,8.3,0,europa
484,86654,4536.12,2.0642,77469747,80689067,8.31,0,asia
485,86960,4542.04,2.0642,77860913,81096732,8.31,0,africa
486,87267,4549.07,2.0642,78253421,81505830,8.31,0,europa
487,87575,4556.05,2.0642,78647270,81916360,8.32,0,africa
488,87884,4562.6,2.0642,79042564,82328350,8.32,0,asia
489,88194,4569.86,2.0642,79439201,82741799,8.32,0,europa
490,88505,4576.31,2.0642,79837281,83156706,8.32,0,africa
491,88816,4583.1,2.0642,80236807,83573070,8.33,0,africa
492,89129,4589.83,2.0642,80637675,83990921,8.33,0,africa
493,89443,4596.51,2.0642,81039988,84410256,8.33,0,europa
494,89758,4603.14,2.0642,81443745,84831075,8.34,0,asia
495,90073,4609.73,2.0642,81848948,85253375,8.34,0,europa
496,90390,4617.01,2.0642,82255492,85677158,8.34,0,europa
497,90708,4623.5,2.0642,82663481,86102450,8.34,0,africa
498,91026,4630.31,2.0642,83072915,86529220,8.35,0,asia
499,91346,4637.07,2.0642,83483794,86957499,8.35,0,africa
500,91667,4643.78,2.0642,83896118,87387284,8.35,0,europa
501,91988,4650.44,2.0642,84309887,87818603,8.35,0,africa
502,92311,4657.42,2.0642,84725101,88251428,8.36,0,asia
503,92635,4663.62,2.0642,85141863,88685784,8.36,0,asia
504,92959,4670.5,2.0642,85560070,89121642,8.36,0,africa
505,93285,4677.33,2.0642,85979721,89559062,8.37,0,africa
506,93612,4684.11,2.0642,86400818,89998010,8.37,0,europa
507,93939,4690.84,2.0642,86823463,90438485,8.37,0,africa
508,94268,4697.52,2.0642,87247553,90880518,8.37,0,africa
509,94598,4704.52,2.0642,87673088,91324107,8.38,0,europa
510,94929,4711.1,2.0642,88100171,91769249,8.38,0,asia
511,95261,4717.63,2.0642,88528699,92215974,8.38,0,europa
512,95593,4724.12,2.0642,88958775,92664251,8.38,0,africa
513,95927,4730.55,2.0642,89390399,93114110,8.39,0,asia
514,96262,4737.66,2.0642,89823468,93565547,8.39,0,africa
515,96598,4744.35,2.0642,90258086,94018563,8.39,0,asia
516,96935,4751.0,2.0642,90694251,94473155,8.4,0,africa
517,97273,4757.95,2.0642,91131861,94929353,8.4,0,africa
518,97612,4764.85,2.0642,91571020,95387126,8.4,0,europa
519,97952,4771.7,2.0642,92011727,95846501,8.4,0,africa
520,98294,4778.15,2.0642,92453982,96307479,8.41,0,europa
521,98636,4784.9,2.0642,92897785,96770086,8.41,0,africa
522,98979,4791.6,2.0642,93343136,97234293,8.41,0,europa
523,99324,4798.25,2.0642,93790035,97700128,8.41,0,africa
524,99669,4804.86,2.0642,94238482,98167589,8.42,0,asia
525,100016,4811.76,2.0642,94688478,98636676,8.42,0,asia
526,100363,4817.91,2.0642,95140125,99107417,8.42,0,africa
527,100712,4825.06,2.0642,95593320,99579782,8.42,0,asia
528,101062,4831.81,2.0642,96048063,100053797,8.43,0,europa
529,101413,4838.86,2.0642,96504355,100529463,8.43,0,africa
530,101765,4845.51,2.0642,96962298,101006777,8.43,0,europa
531,102118,4851.76,2.0642,97421788,101485769,8.44,0,africa
532,102472,4858.65,2.0642,97882931,101966408,8.44,0,asia
533,102827,4865.5,2.0642,98345621,102448721,8.44,0,africa
534,103183,4872.29,2.0642,98809963,102932709,8.44,0,asia
535,103541,4878.69,2.0642,99275853,103418399,8.45,0,asia
536,103899,4885.72,2.0642,99743394,103905760,8.45,0,africa
537,104259,4892.03,2.0642,100212587,104394821,8.45,0,europa
538,104620,4898.62,2.0642,100683431,104885580,8.45,0,europa
539,104981,4905.83,2.0642,101155823,105378036,8.46,0,europa
540,105344,4912.33,2.0642,101629867,105872219,8.46,0,europa
541,105709,4919.1,2.0642,102105561,106368096,8.46,0,asia
542,106074,4925.83,2.0642,102582908,106865696,8.46,0,europa
543,106440,4932.51,2.0642,103061905,107365017,8.47,0,europa
544,106808,4939.14,2.0642,103542554,107866089,8.47,0,africa
545,107176,4946.04,2.0642,104024855,108368879,8.47,0,asia
546,107546,4952.24,2.0642,104508910,108873418,8.47,0,europa
547,107917,4959.05,2.0642,104994616,109379703,8.48,0,africa
548,108289,4966.13,2.0642,105481973,109887732,8.48,0,asia
549,108662,4972.51,2.0642,105970982,110397536,8.48,0,africa
550,109037,4979.5,2.0642,106461746,110909081,8.48,0,asia
551,109412,4986.1,2.0642,106954161,111422397,8.49,0,europa
552,109789,4992.66,2.0642,107448330,111937482,8.49,0,europa
553,110167,4999.16,2.0642,107944151,112454366,8.49,0,asia
554,110546,5006.27,2.0642,108441727,112973015,8.49,0,asia
555,110926,5013.0,2.0642,108940953,113493460,8.5,0,africa
556,111307,5019.68,2.0642,109441935,114015699,8.5,0,africa
557,111690,5026.31,2.0642,109944671,114539730,8.5,0,africa
558,112074,5032.56,2.0642,110449161,115065582,8.5,0,africa
559,112458,5039.41,2.0642,110955303,115593254,8.51,0,europa
560,112845,5046.21,2.0642,111463199,116122744,8.51,0,africa
561,113232,5052.96,2.0642,111972850,116654050,8.51,0,europa
562,113620,5059.66,2.0642,112484256,117187202,8.51,0,europa
563,114010,5066.3,2.0642,112997416,117722168,8.51,0,asia
564,114401,5073.22,2.0642,113512331,118258976,8.52,0,asia
565,114793,5079.44,2.0642,114029103,118797624,8.52,0,europa
566,115186,5086.26,2.0642,114547630,119338113,8.52,0,asia
567,115581,5093.02,2.0642,115067912,119880470,8.52,0,asia
568,115976,5099.72,2.0642,115589948,120424692,8.53,0,africa
569,116373,5106.38,2.0642,116113842,120970781,8.53,0,asia
570,116771,5112.99,2.0642,116639490,121518764,8.53,0,africa
571,117171,5119.55,2.0642,117166997,122068608,8.53,0,africa
572,117571,5126.68,2.0642,117696258,122620343,8.54,0,europa
573,117973,5132.82,2.0642,118227376,123173968,8.54,0,asia
574,118376,5139.85,2.0642,118760250,123729510,8.54,0,asia
575,118781,5146.21,2.0642,119294981,124286939,8.54,0,asia
576,119186,5153.13,2.0642,119831569,124846282,8.55,0,asia
577,119593,5159.69,2.0642,120370016,125407539,8.55,0,asia
578,120001,5166.51,2.0642,120910217,125970707,8.55,0,africa
579,120410,5172.98,2.0642,121452276,126535816,8.55,0,africa
580,120821,5179.69,2.0642,121996193,127102864,8.55,0,africa
581,121233,5186.36,2.0642,122541967,127671849,8.56,0,asia
582,121646,5193.28,2.0642,123089599,128242769,8.56,0,asia
583,122060,5199.84,2.0642,123639089,128815654,8.56,0,africa
584,122476,5206.66,2.0642,124190540,129390472,8.56,0,europa
585,122893,5213.42,2.0642,124743849,129967251,8.57,0,asia
586,123311,5219.84,2.0642,125299016,130546019,8.57,0,europa
587,123730,5226.8,2.0642,125856040,131126746,8.57,0,asia
588,124151,5233.11,2.0642,126415026,131709460,8.57,0,asia
589,124573,5239.97,2.0642,126975869,132294159,8.58,0,europa
590,124996,5246.77,2.0642,127538673,132880841,8.58,0,asia
591,125421,5253.53,2.0642,128103335,133469536,8.58,0,europa
592,125847,5259.94,2.0642,128669958,134060241,8.58,0,africa
593,126274,5266.59,2.0642,129238542,134652954,8.58,0,africa
594,126703,5273.48,2.0642,129808983,135247676,8.59,0,europa
595,127133,5280.03,2.0642,130381386,135844432,8.59,0,africa
596,127564,5286.53,2.0642,130955750,136443222,8.59,0,asia
597,127996,5293.27,2.0642,131532074,137044046,8.59,0,africa
598,128430,5299.96,2.0642,132110360,137646900,8.6,0,asia
599,128865,5306.6,2.0642,132690606,138251814,8.6,0,africa
600,129302,5313.19,2.0642,133272814,138858786,8.6,0,europa
601,129740,5320.01,2.0642,133856983,139467814,8.6,0,europa
602,130179,5326.21,2.0642,134443215,140078926,8.6,0,asia
603,130619,5333.51,2.0642,135031409,140692091,8.61,0,europa
604,131061,5340.18,2.0642,135621564,141307338,8.61,0,africa
605,131504,5346.22,2.0642,136213783,141924695,8.61,0,asia
606,131949,5353.08,2.0642,136807963,142544130,8.61,0,africa
607,132395,5359.88,2.0642,137404104,143165672,8.62,0,europa
608,132842,5366.63,2.0642,138002309,143789318,8.62,0,africa
609,133291,5373.05,2.0642,138602578,144415067,8.62,0,europa
610,133741,5379.98,2.0642,139204809,145042948,8.62,0,asia
611,134192,5386.57,2.0642,139809103,145672959,8.62,0,asia
612,134645,5393.12,2.0642,140415462,146305098,8.63,0,europa
613,135099,5399.89,2.0642,141023885,146939364,8.63,0,europa
614,135555,5406.62,2.0642,141634372,147575786,8.63,0,asia
615,136012,5413.29,2.0642,142246924,148214360,8.63,0,europa
616,136470,5419.9,2.0642,142861539,148855085,8.63,0,africa
617,136930,5426.75,2.0642,143478219,149497961,8.64,0,africa
618,137391,5433.27,2.0642,144096963,150143015,8.64,0,asia
619,137854,5440.01,2.0642,144717771,150790246,8.64,0,europa
620,138318,5446.14,2.0642,145340746,151439681,8.64,0,europa
621,138783,5453.33,2.0642,145965786,152091290,8.65,0,africa
622,139250,5459.92,2.0642,146592890,152745100,8.65,0,asia
623,139718,5466.73,2.0642,147222162,153401110,8.65,0,africa
624,140188,5473.21,2.0642,147853497,154059348,8.65,0,asia
625,140659,5479.91,2.0642,148487000,154719783,8.65,0,asia
626,141131,5486.57,2.0642,149122671,155382442,8.66,0,europa
627,141605,5493.17,2.0642,149760405,156047355,8.66,0,africa
628,142081,5499.99,2.0642,150400307,156714489,8.66,4,asia
629,142558,5506.48,2.0642,151042377,157383872,8.66,3,africa
630,143036,5513.2,2.0642,151686613,158055502,8.66,3,asia
631,143516,5519.59,2.0642,152333018,158729409,8.67,3,europa
632,143997,5526.47,2.0642,152981589,159405590,8.67,3,africa
633,144480,5533.03,2.0642,153632328,160084043,8.67,3,europa
634,144964,5539.8,2.0642,154285235,160764767,8.67,3,asia
635,145450,5545.99,2.0642,154940412,161447790,8.67,3,africa
636,145937,5553.19,2.0642,155597756,162133080,8.68,3,africa
637,146426,5559.55,2.0642,156257268,162820696,8.68,3,asia
638,146916,5566.38,2.0642,156919051,163510605,8.68,3,asia
639,147407,5573.15,2.0642,157583001,164202836,8.68,3,africa
640,147901,5579.62,2.0642,158249221,164897387,8.68,3,africa
641,148395,5586.29,2.0642,158917609,165594286,8.69,3,africa
642,148891,5593.17,2.0642,159588268,166293502,8.69,3,europa
643,149389,5599.48,2.0642,160261197,166995063,8.69,3,asia
644,149888,5606.25,2.0642,160936397,167698966,8.69,3,africa
645,150389,5612.72,2.0642,161613867,168405240,8.69,3,africa
646,150891,5619.39,2.0642,162293608,169113884,8.7,3,africa
647,151395,5626.01,2.0642,162975620,169824894,8.7,3,asia
648,151900,5632.84,2.0642,163659902,170538270,8.7,3,asia
649,152407,5639.61,2.0642,164346455,171254040,8.7,2,africa
650,152915,5646.33,2.0642,165035279,171972202,8.7,2,asia
651,153425,5652.74,2.0642,165726373,172692784,8.71,2,europa
652,153937,5659.61,2.0642,166419841,173415754,8.71,2,africa
653,154450,5666.17,2.0642,167115579,174141140,8.71,2,asia
654,154964,5672.68,2.0642,167813692,174868970,8.71,2,europa
655,155480,5679.39,2.0642,168514075,175599213,8.71,2,asia
656,155998,5686.05,2.0642,169216832,176331897,8.72,2,asia
657,156517,5692.65,2.0642,169921963,177067019,8.72,2,asia
658,157038,5699.21,2.0642,170629467,177804609,8.72,2,asia
659,157561,5705.96,2.0642,171339242,178544663,8.72,2,asia
660,158085,5712.66,2.0642,172051391,179287180,8.72,2,asia
661,158610,5719.3,2.0642,172765914,180032188,8.73,2,asia
662,159137,5725.9,2.0642,173482811,180779656,8.73,2,europa
663,159666,5732.19,2.0642,174202184,181529642,8.73,2,asia
664,160197,5739.18,2.0642,174923932,182282112,8.73,2,asia
665,160729,5745.86,2.0642,175648053,183037066,8.73,2,africa
666,161262,5752.49,2.0642,176374549,183794561,8.73,2,africa
667,161798,5759.07,2.0642,177103521,184554567,8.74,2,asia
668,162334,5765.6,2.0642,177834867,185317109,8.74,2,asia
669,162873,5772.32,2.0642,178568690,186082188,8.74,2,europa
670,163413,5779.23,2.0642,179304887,186849801,8.74,2,africa
671,163955,5785.59,2.0642,180043561,187619975,8.74,2,europa
672,164498,5792.16,2.0642,180784712,188392709,8.75,2,africa
673,165043,5798.9,2.0642,181528340,189168002,8.75,2,africa
674,165590,5805.6,2.0642,182274445,189945850,8.75,2,africa
675,166139,5812.24,2.0642,183023027,190726282,8.75,2,africa
676,166689,5818.84,2.0642,183774086,191509325,8.75,1,asia
677,167240,5825.61,2.0642,184527623,192294948,8.76,1,asia
678,167794,5832.1,2.0642,185283636,193083210,8.76,1,europa
679,168349,5838.77,2.0642,186042126,193874078,8.76,1,africa
680,168906,5845.39,2.0642,186803197,194667549,8.76,1,asia
681,169464,5852.19,2.0642,187566744,195463652,8.76,1,africa
682,170024,5858.7,2.0642,188332872,196262385,8.76,1,europa
683,170586,5865.4,2.0642,189101477,197063776,8.77,1,africa
684,171150,5872.04,2.0642,189872662,197867823,8.77,1,europa
685,171715,5878.63,2.0642,190646427,198674523,8.77,1,europa
686,172282,5885.4,2.0642,191422670,199483905,8.77,1,asia
687,172850,5891.88,2.0642,192201492,200295966,8.77,1,asia
688,173421,5898.55,2.0642,192982895,201110736,8.78,1,asia
689,173993,5905.16,2.0642,193766878,201928181,8.78,1,africa
690,174567,5911.95,2.0642,194553442,202748330,8.78,1,africa
691,175143,5918.45,2.0642,195342689,203571179,8.78,1,africa
692,175720,5925.13,2.0642,196134516,204396758,8.78,1,africa
693,176299,5931.76,2.0642,196928923,205225064,8.78,1,asia
694,176880,5938.34,2.0642,197726014,206056095,8.79,1,asia
695,177462,5945.09,2.0642,198525685,206889879,8.79,1,asia
696,178047,5951.56,2.0642,199328040,207726414,8.79,1,europa
697,178633,5958.2,2.0642,200132975,208565728,8.79,1,africa
698,179221,5964.8,2.0642,200940593,209407788,8.79,1,europa
699,179810,5971.56,2.0642,201750894,210252623,8.79,1,africa
700,180402,5978.05,2.0642,202563880,211100261,8.8,1,europa
701,180995,5984.71,2.0642,203379548,211950699,8.8,1,africa
702,181590,5991.31,2.0642,204197900,212803935,8.8,1,africa
703,182187,5998.09,2.0642,205018936,213659967,8.8,1,africa
704,182786,6004.59,2.0642,205842655,214518822,8.8,1,asia
705,183386,6011.26,2.0642,206669057,215380529,8.81,1,africa
706,183989,6017.65,2.0642,207498247,216245056,8.81,1,africa
707,184593,6024.66,2.0642,208330119,217112429,8.81,1,africa
708,185199,6031.16,2.0642,209164778,217982648,8.81,1,europa
709,185806,6037.84,2.0642,210002121,218855739,8.81,1,africa
710,186416,6044.46,2.0642,210842251,219731702,8.81,1,asia
711,187027,6051.03,2.0642,211685167,220610532,8.82,1,europa
712,187641,6057.77,2.0642,212530766,221492260,8.82,1,africa
713,188256,6064.23,2.0642,213379152,222376911,8.82,1,europa
714,188873,6071.08,2.0642,214230325,223264454,8.82,1,africa
715,189492,6077.43,2.0642,215084285,224154916,8.82,1,asia
716,190112,6083.96,2.0642,215941134,225048296,8.82,1,asia
717,190735,6090.86,2.0642,216800770,225944591,8.83,1,asia
718,191360,6097.27,2.0642,217663193,226843859,8.83,1,europa
719,191986,6103.85,2.0642,218528506,227746067,8.83,1,africa
720,192614,6110.59,2.0642,219396605,228651244,8.83,1,africa
721,193244,6117.28,2.0642,220267594,229559357,8.83,1,asia
722,193876,6123.91,2.0642,221141370,230470464,8.83,1,africa
723,194510,6130.48,2.0642,222018036,231384563,8.84,0,asia
724,195146,6137.22,2.0642,222897591,232301651,8.84,0,asia
725,195784,6143.69,2.0642,223780037,233221756,8.84,0,africa
726,196424,6150.32,2.0642,224665372,234144875,8.84,0,asia
727,197065,6156.9,2.0642,225553598,235071006,8.84,0,europa
728,197709,6163.63,2.0642,226444713,236000178,8.84,0,asia
729,198355,6170.31,2.0642,227338718,236932388,8.85,0,asia
730,199002,6176.93,2.0642,228235716,237867632,8.85,0,africa
731,199651,6183.5,2.0642,229135604,238805939,8.85,0,africa
732,200303,6189.81,2.0642,230038485,239747338,8.85,0,africa
733,200956,6196.9,2.0642,230944256,240691794,8.85,0,asia
734,201611,6203.51,2.0642,231853020,241639337,8.85,0,europa
735,202269,6209.66,2.0642,232764777,242589994,8.86,0,asia
736,202928,6216.59,2.0642,233679424,243543761,8.86,0,asia
737,203589,6223.25,2.0642,234597064,244500638,8.86,0,europa
738,204253,6229.85,2.0642,235517697,245460621,8.86,0,europa
739,204918,6236.2,2.0642,236441427,246423767,8.86,0,africa
740,205585,6243.11,2.0642,237368149,247390016,8.86,0,europa
741,206254,6249.76,2.0642,238297865,248359424,8.86,0,europa
742,206926,6256.36,2.0642,239230574,249332019,8.87,0,asia
743,207599,6263.1,2.0642,240166379,250307768,8.87,0,europa
744,208274,6269.59,2.0642,241105177,251286699,8.87,0,africa
745,208952,6276.23,2.0642,242047072,252268840,8.87,0,africa
746,209631,6282.81,2.0642,242992062,253254158,8.87,0,asia
747,210312,6289.13,2.0642,243940149,254242710,8.87,0,europa
748,210996,6296.21,2.0642,244891230,255234466,8.88,0,europa
749,211682,6302.83,2.0642,245845406,256229451,8.88,0,asia
750,212369,6308.99,2.0642,246802782,257227692,8.88,0,asia
751,213059,6315.9,2.0642,247763254,258229160,8.88,0,asia
752,213751,6322.56,2.0642,248726823,259233909,8.88,0,africa
753,214445,6329.16,2.0642,249693488,260241908,8.88,0,asia
754,215140,6335.9,2.0642,250663352,261253184,8.89,0,europa
755,215838,6342.4,2.0642,251636313,262267766,8.89,0,africa
756,216539,6349.03,2.0642,252612473,263285650,8.89,4,africa
757,217241,6355.61,2.0642,253591833,264306833,8.89,4,africa
758,217945,6361.94,2.0642,254574392,265331344,8.89,4,africa
759,218652,6368.8,2.0642,255560047,266359180,8.89,4,europa
760,219360,6375.22,2.0642,256549005,267390368,8.89,4,asia
761,220071,6382.17,2.0642,257541163,268424876,8.9,4,africa
762,220784,6388.67,2.0642,258536520,269462730,8.9,4,africa
763,221499,6395.32,2.0642,259535077,270503960,8.9,4,africa
764,222216,6401.9,2.0642,260536833,271548591,8.9,3,asia
765,222935,6408.63,2.0642,261541892,272596592,8.9,3,asia
766,223657,6414.91,2.0642,262550254,273648020,8.9,3,asia
767,224380,6421.72,2.0642,263561815,274702841,8.9,3,asia
768,225106,6428.29,2.0642,264576679,275761085,8.91,3,africa
769,225834,6435.17,2.0642,265594846,276822748,8.91,3,africa
770,226564,6441.62,2.0642,266616315,277887857,8.91,3,asia
771,227297,6448.4,2.0642,267641087,278956410,8.91,3,europa
772,228031,6454.74,2.0642,268669162,280028434,8.91,3,africa
773,228768,6461.6,2.0642,269700540,281103927,8.91,3,asia
774,229507,6467.83,2.0642,270735323,282182915,8.92,3,asia
775,230248,6474.77,2.0642,271773409,283265367,8.92,3,africa
776,230992,6481.27,2.0642,272814901,284351339,8.92,3,asia
777,231738,6487.9,2.0642,273859696,285440829,8.92,3,europa
778,232485,6494.48,2.0642,274907897,286533833,8.92,3,asia
779,233236,6501.19,2.0642,275959504,287630381,8.92,3,africa
780,233988,6507.66,2.0642,277014516,288730468,8.92,3,europa
781,234743,6514.44,2.0642,278072935,289834092,8.93,3,africa
782,235500,6520.98,2.0642,279134759,290941281,8.93,3,europa
783,236259,6527.66,2.0642,280199990,292052061,8.93,3,asia
784,237020,6534.28,2.0642,281268626,293166430,8.93,2,africa
785,237784,6540.84,2.0642,282340772,294284386,8.93,2,asia
786,238550,6547.53,2.0642,283416323,295405955,8.93,2,africa
787,239319,6553.98,2.0642,284495384,296531165,8.93,2,asia
788,240089,6560.74,2.0642,285577953,297659982,8.94,2,africa
789,240862,6567.27,2.0642,286663929,298792465,8.94,2,europa
790,241638,6573.92,2.0642,287753414,299928611,8.94,2,africa
791,242415,6580.51,2.0642,288846408,301068415,8.94,2,africa
792,243195,6587.05,2.0642,289943014,302211877,8.94,2,africa
793,243977,6593.89,2.0642,291043129,303359023,8.94,2,europa
794,244762,6600.32,2.0642,292146754,304509881,8.94,2,africa
795,245549,6606.7,2.0642,293253991,305664447,8.95,2,europa
796,246338,6613.73,2.0642,294364737,306822718,8.95,2,europa
797,247130,6620.17,2.0642,295479095,307984722,8.95,2,africa
798,247924,6626.56,2.0642,296597066,309150486,8.95,2,europa
799,248721,6633.43,2.0642,297718546,310319977,8.95,2,europa
800,249520,6640.06,2.0642,298843638,311493252,8.95,2,europa
801,250321,6646.63,2.0642,299972342,312670308,8.95,2,africa
802,251124,6652.98,2.0642,301104762,313851143,8.96,2,europa
803,251931,6659.97,2.0642,302240795,315035754,8.96,2,europa
804,252739,6666.38,2.0642,303380440,316224197,8.96,2,africa
805,253550,6673.08,2.0642,304523800,317416440,8.96,2,europa
806,254363,6679.73,2.0642,305670773,318612540,8.96,2,africa
807,255179,6686.32,2.0642,306821461,319812465,8.96,2,asia
808,255997,6693.03,2.0642,307975865,321016240,8.96,2,asia
809,256818,6699.51,2.0642,309133984,322223893,8.96,2,europa
810,257641,6706.1,2.0642,310295819,323435422,8.97,2,europa
811,258467,6712.64,2.0642,311461370,324650853,8.97,1,africa
812,259295,6719.3,2.0642,312630636,325870182,8.97,1,africa
813,260125,6725.73,2.0642,313803721,327093438,8.97,1,asia
814,260958,6732.62,2.0642,314980521,328320588,8.97,1,africa
815,261794,6739.11,2.0642,316161140,329551689,8.97,1,africa
816,262632,6745.88,2.0642,317345475,330786736,8.97,1,africa
817,263472,6752.43,2.0642,318533629,332025727,8.98,1,europa
818,264315,6759.09,2.0642,319725601,333268691,8.98,1,asia
819,265161,6765.52,2.0642,320921392,334515653,8.98,1,asia
820,266009,6772.24,2.0642,322121002,335766610,8.98,1,asia
821,266860,6778.73,2.0642,323324431,337021589,8.98,1,europa
822,267713,6785.17,2.0642,324531781,338280587,8.98,1,asia
823,268569,6792.05,2.0642,325742950,339543601,8.98,1,africa
824,269427,6798.55,2.0642,326958042,340810659,8.98,1,asia
825,270288,6805.15,2.0642,328176952,342081786,8.99,1,asia
826,271151,6811.86,2.0642,329399784,343356981,8.99,1,europa
827,272017,6818.52,2.0642,330626538,344636239,8.99,1,asia
828,272886,6825.12,2.0642,331857214,345919589,8.99,1,africa
829,273757,6831.82,2.0642,333091812,347207056,8.99,1,europa
830,274631,6838.31,2.0642,334330332,348498638,8.99,1,asia
831,275507,6844.9,2.0642,335572877,349794360,8.99,1,asia
832,276386,6851.44,2.0642,336819344,351094222,8.99,1,africa
833,277268,6858.09,2.0642,338069837,352398219,9.0,1,europa
834,278152,6864.67,2.0642,339324251,353706407,9.0,1,europa
835,279039,6871.37,2.0642,340582691,355018755,9.0,1,asia
836,279929,6877.84,2.0642,341845155,356335318,9.0,1,africa
837,280821,6884.59,2.0642,343111645,357656063,9.0,1,asia
838,281716,6891.11,2.0642,344382160,358981048,9.0,1,africa
839,282614,6897.74,2.0642,345656804,360310239,9.0,1,asia
840,283514,6904.31,2.0642,346935473,361643692,9.01,1,africa
841,284417,6910.99,2.0642,348218270,362981375,9.01,1,asia
842,285323,6917.61,2.0642,349505092,364323345,9.01,1,asia
843,286231,6924.17,2.0642,350796043,365669597,9.01,1,asia
844,287142,6930.83,2.0642,352091122,367020130,9.01,1,asia
845,288056,6937.44,2.0642,353390329,368374970,9.01,1,africa
846,288972,6943.99,2.0642,354693665,369734142,9.01,1,asia
847,289892,6950.48,2.0642,356001129,371097646,9.01,1,asia
848,290814,6957.23,2.0642,357312825,372465476,9.02,1,africa
849,291739,6963.77,2.0642,358628650,373837689,9.02,1,asia
850,292666,6970.41,2.0642,359948705,375214252,9.02,1,asia
851,293596,6976.99,2.0642,361272890,376595223,9.02,1,asia
852,294530,6983.67,2.0642,362601306,377980568,9.02,1,africa
853,295465,6990.14,2.0642,363933953,379370342,9.02,1,europa
854,296404,6996.86,2.0642,365270832,380764544,9.02,1,europa
855,297346,7003.37,2.0642,366612046,382163169,9.02,1,asia
856,298290,7009.97,2.0642,367957492,383566244,9.02,1,africa
857,299237,7016.67,2.0642,369307169,384973796,9.03,1,africa
858,300187,7023.32,2.0642,370661181,386385791,9.03,0,europa
859,301140,7029.75,2.0642,372019528,387802287,9.03,0,asia
860,302095,7036.44,2.0642,373382106,389223309,9.03,0,europa
861,303054,7043.07,2.0642,374749019,390648825,9.03,0,asia
862,304015,7049.63,2.0642,376120267,392078890,9.03,0,africa
863,304979,7056.3,2.0642,377495954,393513472,9.03,0,africa
864,305946,7062.75,2.0642,378875974,394952627,9.03,0,asia
865,306916,7069.61,2.0642,380260330,396396352,9.04,0,africa
866,307889,7076.1,2.0642,381649124,397844673,9.04,0,europa
867,308865,7082.68,2.0642,383042356,399297586,9.04,0,europa
868,309844,7089.06,2.0642,384440026,400755118,9.04,0,europa
869,310825,7095.83,2.0642,385842133,402217265,9.04,0,africa
870,311810,7102.39,2.0642,387248679,403684055,9.04,0,europa
871,312797,7109.2,2.0642,388659663,405155483,9.04,0,europa
872,313788,7115.79,2.0642,390075085,406631577,9.04,0,europa
873,314781,7122.18,2.0642,391495048,408112361,9.05,0,europa
874,315777,7128.96,2.0642,392919450,409597834,9.05,0,africa
875,316777,7135.39,2.0642,394348392,411088022,9.05,0,asia
876,317779,7142.2,2.0642,395781876,412582919,9.05,4,asia
877,318784,7148.8,2.0642,397219901,414082554,9.05,4,asia
878,319792,7155.2,2.0642,398662467,415586954,9.05,4,europa
879,320804,7161.98,2.0642,400109574,417096113,9.05,4,africa
880,321818,7168.41,2.0642,401561326,418610058,9.05,4,asia
881,322835,7175.22,2.0642,403017619,420128787,9.05,4,europa
882,323855,7181.82,2.0642,404478557,421652325,9.06,4,asia
883,324879,7188.23,2.0642,405944139,423180699,9.06,4,asia
884,325905,7194.86,2.0642,407414365,424713904,9.06,4,asia
885,326935,7201.44,2.0642,408889236,426251968,9.06,4,africa
886,327967,7208.25,2.0642,410368751,427794886,9.06,3,europa
887,329003,7214.85,2.0642,411852911,429342686,9.06,3,africa
888,330041,7221.26,2.0642,413341819,430895392,9.06,3,europa
889,331083,7228.03,2.0642,414835371,432453003,9.06,3,asia
890,332128,7234.46,2.0642,416333670,434015543,9.06,3,europa
891,333176,7241.26,2.0642,417836717,435583010,9.07,3,asia
892,334227,7247.86,2.0642,419344512,437155428,9.07,3,europa
893,335282,7254.26,2.0642,420857055,438732826,9.07,3,europa
894,336339,7261.02,2.0642,422374345,440315198,9.07,3,africa
895,337400,7267.45,2.0642,423896486,441902571,9.07,3,asia
896,338463,7274.1,2.0642,425423375,443494971,9.07,3,europa
897,339530,7280.69,2.0642,426955114,445092395,9.07,3,europa
898,340600,7287.36,2.0642,428491705,446694839,9.07,3,asia
899,341673,7293.97,2.0642,430033146,448302359,9.07,3,europa
900,342750,7300.53,2.0642,431579439,449914952,9.08,3,africa
901,343829,7307.16,2.0642,433130582,451532642,9.08,3,europa
902,344912,7313.74,2.0642,434686679,453155427,9.08,3,asia
903,345998,7320.39,2.0642,436247627,454783332,9.08,3,europa
904,347088,7326.99,2.0642,437813529,456416355,9.08,3,africa
905,348180,7333.39,2.0642,439384385,458054549,9.08,3,asia
906,349276,7340.01,2.0642,440960195,459697913,9.08,2,europa
907,350375,7346.71,2.0642,442540960,461346442,9.08,2,europa
908,351477,7353.34,2.0642,444126678,463000162,9.08,2,europa
909,352583,7359.92,2.0642,445717351,464659100,9.09,2,africa
910,353692,7366.71,2.0642,447313081,466323250,9.09,2,africa
911,354804,7373.31,2.0642,448913764,467992640,9.09,2,asia
912,355920,7379.85,2.0642,450519506,469667295,9.09,2,asia
913,357039,7386.46,2.0642,452130304,471347211,9.09,2,africa
914,358161,7393.01,2.0642,453746160,473032444,9.09,2,europa
915,359286,7399.51,2.0642,455367176,474722961,9.09,2,asia
916,360415,7406.21,2.0642,456993250,476418788,9.09,2,asia
917,361547,7412.86,2.0642,458624484,478119950,9.09,2,asia
918,362683,7419.45,2.0642,460260775,479826473,9.09,2,europa
919,363822,7425.97,2.0642,461902227,481538384,9.1,2,asia
920,364964,7432.58,2.0642,463548839,483255677,9.1,2,africa
921,366110,7439.25,2.0642,465200612,484978350,9.1,2,asia
922,367259,7445.87,2.0642,466857649,486706428,9.1,2,europa
923,368411,7452.42,2.0642,468519846,488439968,9.1,2,africa
924,369567,7459.05,2.0642,470187306,490178934,9.1,2,europa
925,370727,7465.62,2.0642,471859928,491923384,9.1,2,asia
926,371890,7472.26,2.0642,473537813,493673312,9.1,2,asia
927,373056,7478.85,2.0642,475220961,495428744,9.1,2,asia
928,374226,7485.37,2.0642,476909477,497189676,9.11,2,europa
929,375399,7491.96,2.0642,478603256,498956135,9.11,2,africa
930,376576,7498.63,2.0642,480302299,500728146,9.11,2,asia
931,377756,7505.36,2.0642,482006709,502505705,9.11,2,asia
932,378940,7511.9,2.0642,483716486,504288838,9.11,2,africa
933,380127,7518.52,2.0642,485431630,506077570,9.11,1,asia
934,381318,7525.07,2.0642,487152141,507871928,9.11,1,europa
935,382512,7531.69,2.0642,488878018,509671906,9.11,1,africa
936,383710,7538.26,2.0642,490609366,511477532,9.11,1,europa
937,384912,7544.89,2.0642,492346081,513288830,9.11,1,africa
938,386117,7551.59,2.0642,494088265,515105795,9.12,1,africa
939,387325,7558.1,2.0642,495835920,516928455,9.12,1,asia
940,388538,7564.68,2.0642,497589045,518756835,9.12,1,asia
941,389753,7571.32,2.0642,499347641,520590959,9.12,1,africa
942,390973,7577.91,2.0642,501111809,522430796,9.12,1,europa
943,392196,7584.44,2.0642,502881448,524276428,9.12,1,africa
944,393422,7591.15,2.0642,504656660,526127823,9.12,1,europa
945,394653,7597.69,2.0642,506437445,527985006,9.12,1,africa
946,395887,7604.28,2.0642,508223804,529848003,9.12,1,africa
947,397124,7610.94,2.0642,510015736,531716838,9.12,1,africa
948,398366,7617.42,2.0642,511813241,533591540,9.13,1,africa
949,399611,7624.09,2.0642,513616423,535472100,9.13,1,asia
950,400859,7630.82,2.0642,515425178,537358547,9.13,1,asia
951,402112,7637.24,2.0642,517239610,539250906,9.13,1,europa
952,403368,7643.97,2.0642,519059718,541149172,9.13,1,africa
953,404628,7650.52,2.0642,520885503,543053400,9.13,1,africa
954,405891,7657.13,2.0642,522717068,544963557,9.13,1,europa
955,407158,7663.68,2.0642,524554309,546879698,9.13,1,africa
956,408430,7670.41,2.0642,526397330,548801818,9.13,1,europa
957,409704,7676.97,2.0642,528246131,550729942,9.13,1,europa
958,410983,7683.58,2.0642,530100711,552664097,9.13,1,asia
959,412266,7690.13,2.0642,531961072,554604308,9.14,1,europa
960,413552,7696.75,2.0642,533827212,556550568,9.14,1,asia
961,414842,7703.18,2.0642,535699235,558502936,9.14,1,africa
962,416136,7710.03,2.0642,537577037,560461376,9.14,1,africa
963,417433,7716.47,2.0642,539460723,562425942,9.14,1,asia
964,418735,7723.2,2.0642,541350292,564396633,9.14,1,africa
965,420041,7729.75,2.0642,543245743,566373471,9.14,1,africa
966,421350,7736.36,2.0642,545147078,568356512,9.14,1,asia
967,422663,7742.91,2.0642,547054399,570345722,9.14,1,africa
968,423980,7749.4,2.0642,548967706,572341156,9.14,1,africa
969,425301,7756.18,2.0642,550886896,574342810,9.15,1,asia
970,426626,7762.79,2.0642,552812072,576350709,9.15,1,africa
971,427955,7769.22,2.0642,554743337,578364877,9.15,1,asia
972,429288,7775.94,2.0642,556680589,580385311,9.15,1,europa
973,430624,7782.59,2.0642,558623827,582412066,9.15,1,asia
974,431965,7789.19,2.0642,560573154,584445107,9.15,1,asia
975,433310,7795.84,2.0642,562528571,586484489,9.15,1,europa
976,434659,7802.43,2.0642,564490077,588530237,9.15,1,europa
977,436011,7808.96,2.0642,566457672,590582376,9.15,1,africa
978,437368,7815.55,2.0642,568431460,592640903,9.15,1,africa
979,438729,7822.19,2.0642,570411338,594705841,9.15,1,europa
980,440093,7828.76,2.0642,572397408,596777217,9.16,0,africa
981,441462,7835.51,2.0642,574389671,598855025,9.16,4,europa
982,442835,7841.97,2.0642,576388126,600939321,9.16,4,asia
983,444212,7848.71,2.0642,578392774,603030099,9.16,4,asia
984,445593,7855.16,2.0642,580403717,605127384,9.16,4,europa
985,446978,7861.77,2.0642,582420854,607231203,9.16,4,europa
986,448367,7868.44,2.0642,584444286,609341579,9.16,4,europa
987,449761,7875.05,2.0642,586474013,611458509,9.16,4,asia
988,451158,7881.71,2.0642,588510037,613582015,9.16,4,asia
989,452560,7888.3,2.0642,590552460,615712126,9.16,4,africa
990,453965,7894.95,2.0642,592601178,617848864,9.16,4,africa
991,455375,7901.43,2.0642,594656296,619992256,9.17,4,asia
992,456789,7908.07,2.0642,596717812,622142296,9.17,4,europa
993,458208,7914.64,2.0642,598785728,624299039,9.17,4,africa
994,459630,7921.38,2.0642,600860042,626462479,9.17,3,asia
995,461057,7927.94,2.0642,602940859,628632643,9.17,3,africa
996,462488,7934.56,2.0642,605028075,630809555,9.17,3,asia
997,463923,7941.11,2.0642,607121793,632993239,9.17,3,asia
998,465362,7947.71,2.0642,609222013,635183692,9.17,3,asia
999,466806,7954.25,2.0642,611328736,637380967,9.17,3,asia
