anio,poblacion,pib,tecnologia,energia,comida,tension,infectados,socios,contaminacion
1,1512,1439.71,1.0251,10600,60770,2.01,0,ninguno,71.27
2,1581,1392.62,1.0503,15059,70745,2.32,0,ninguno,139.49
3,1642,1357.8,1.0756,19417,80128,2.61,0,ninguno,205.3
4,1698,1336.11,1.101,23720,89078,2.85,0,ninguno,269.39
5,1750,1324.57,1.1265,28069,97690,3.05,0,ninguno,332.26
6,1800,1316.1,1.1521,32462,106120,3.22,50,ninguno,394.09
7,1846,1318.39,1.1778,36898,114430,3.34,49,ninguno,455.41
8,1892,1324.09,1.2036,41432,122685,3.44,49,ninguno,516.39
9,1938,1329.47,1.2295,46126,130944,3.54,49,ninguno,577.04
10,1983,1345.97,1.2347,50921,139239,3.59,48,ninguno,637.89
11,2029,1343.39,1.2399,55798,147599,3.72,47,ninguno,698.01
12,2075,1337.1,1.2452,60758,156054,3.85,47,ninguno,757.22
13,2122,1330.89,1.2504,65863,164634,3.98,46,ninguno,815.53
14,2169,1331.88,1.2557,71052,173368,4.09,45,ninguno,873.3
15,2217,1332.72,1.261,76389,182255,4.19,45,ninguno,930.54
16,2265,1333.44,1.2663,81812,191295,4.3,44,ninguno,987.24
17,2315,1337.39,1.2717,87383,200517,4.39,43,ninguno,1043.56
18,2365,1337.85,1.277,93106,209919,4.5,42,ninguno,1099.35
19,2416,1338.23,1.2824,98980,219531,4.6,41,ninguno,1154.6
20,2468,1341.73,1.2878,105007,229352,4.69,41,ninguno,1209.47
21,2520,1345.07,1.2932,111189,239380,4.79,40,ninguno,1263.96
22,2573,1351.33,1.2987,117526,249616,4.87,39,ninguno,1318.21
23,2629,1354.39,1.3041,124019,260088,4.96,39,ninguno,1372.07
24,2684,1357.35,1.3096,130670,270794,5.06,39,ninguno,1425.54
25,2741,1363.15,1.3151,137480,281733,5.14,39,ninguno,1478.76
26,2798,1368.79,1.3151,144516,292874,5.22,39,ninguno,1531.72
27,2856,1365.8,1.3151,151683,304276,5.33,39,ninguno,1584.01
28,2915,1368.23,1.3151,158982,315909,5.43,39,ninguno,1635.9
29,2974,1365.12,1.3151,166478,327801,5.54,39,ninguno,1687.12
30,3034,1367.25,1.3151,174105,339952,5.63,39,ninguno,1737.92
31,3095,1366.65,1.3151,181864,352361,5.73,39,ninguno,1788.19
32,3157,1366.01,1.3151,189821,365027,5.83,39,ninguno,1837.93
33,3219,1370.25,1.3151,197909,377949,5.91,39,ninguno,1887.38
34,3283,1369.49,1.3151,206194,391156,6.0,39,ninguno,1936.29
35,3347,1371.09,1.3151,214676,404616,6.09,39,ninguno,1984.8
36,3413,1372.62,1.3151,223290,418360,6.18,39,ninguno,2032.9
37,3479,1374.12,1.3151,232101,432384,6.27,39,ninguno,2080.59
38,3546,1375.58,1.3151,241110,446690,6.35,39,ninguno,2127.87
39,3613,1377.03,1.3151,250250,461304,6.44,39,ninguno,2174.76
40,3681,1380.64,1.3151,259587,476199,6.51,39,ninguno,2221.35
41,3751,1379.97,1.3151,269121,491402,6.6,39,ninguno,2267.45
42,3821,1383.55,1.3151,278853,506910,6.68,39,ninguno,2313.26
43,3892,1387.11,1.3151,288782,522725,6.75,39,ninguno,2358.79
44,3964,1388.66,1.3151,298908,538845,6.83,39,ninguno,2403.94
45,4037,1392.25,1.3151,309232,555268,6.9,39,ninguno,2448.81
46,4111,1393.92,1.3151,319753,572024,6.97,39,ninguno,2493.32
47,4185,1401.41,1.3151,330471,589080,7.03,39,ninguno,2537.76
48,4261,1405.09,1.3151,341386,606468,7.1,39,ninguno,2581.94
49,4337,1410.67,1.3151,352499,624185,7.16,39,ninguno,2625.94
50,4415,1414.46,1.3151,363809,642231,7.23,39,ninguno,2669.7
51,4493,1418.32,1.3151,375316,660633,7.29,39,ninguno,2713.21
52,4571,1424.04,1.3151,387020,679391,7.35,39,ninguno,2756.57
53,4651,1428.06,1.3151,398987,698476,7.41,39,ninguno,2799.69
54,4732,1435.63,1.3151,411152,717915,7.47,39,ninguno,2842.76
55,4814,1441.53,1.3151,423514,737706,7.52,39,ninguno,2885.69
56,4897,1447.51,1.3151,436139,757850,7.58,39,ninguno,2928.48
57,4980,1453.58,1.3151,448961,778373,7.63,39,ninguno,2971.15
58,5065,1461.37,1.3151,462046,799247,7.68,39,ninguno,3013.77
59,5151,1469.23,1.3151,475329,820499,7.73,39,ninguno,3056.36
60,5237,1475.57,1.3151,488875,842128,7.78,39,ninguno,3098.84
61,5324,1483.58,1.3151,502617,864164,7.82,39,ninguno,3141.29
62,5412,1490.13,1.3151,516623,886575,7.87,39,ninguno,3183.64
63,5502,1499.86,1.3151,530892,909360,7.91,39,ninguno,3226.04
64,5592,1508.14,1.3151,545358,932548,7.96,39,ninguno,3268.44
65,5682,1516.51,1.3151,560087,956138,8.0,39,ninguno,3310.82
66,5775,1524.99,1.3151,575079,980129,8.04,39,ninguno,3353.2
67,5868,1535.03,1.3151,590334,1004519,8.08,39,ninguno,3395.65
68,5962,1543.7,1.3151,605853,1029338,8.12,39,ninguno,3438.11
69,6056,1552.47,1.3151,621634,1054583,8.16,39,ninguno,3480.57
70,6152,1565.63,1.3151,637612,1080226,8.19,39,ninguno,3523.27
71,6249,1576.02,1.3151,653854,1106294,8.22,39,ninguno,3566.05
72,6346,1583.69,1.3151,670424,1132815,8.27,39,ninguno,3608.78
73,6445,1595.65,1.3151,687257,1159760,8.3,39,ninguno,3651.68
74,6545,1607.68,1.3151,704354,1187126,8.33,39,ninguno,3694.74
75,6645,1619.78,1.3151,721713,1214942,8.36,39,ninguno,3737.97
76,6746,1631.97,1.3151,739335,1243208,8.38,39,ninguno,3781.37
77,6849,1642.88,1.3151,757221,1271952,8.42,39,ninguno,3824.88
78,6952,1655.21,1.3151,775435,1301144,8.45,39,ninguno,3868.57
79,7056,1667.62,1.3151,793912,1330781,8.47,39,ninguno,3912.43
80,7162,1681.4,1.3151,812652,1360894,8.5,39,ninguno,3956.53
81,7268,1692.64,1.3151,831721,1391480,8.53,39,ninguno,4000.75
82,7375,1706.54,1.3151,851053,1422538,8.55,39,ninguno,4045.22
83,7483,1720.49,1.3151,870714,1454068,8.58,39,ninguno,4089.93
84,7592,1733.23,1.3151,890638,1486098,8.6,39,ninguno,4134.83
85,7702,1747.28,1.3151,910890,1518598,8.63,39,ninguno,4179.97
86,7814,1761.38,1.3151,931471,1551596,8.65,39,ninguno,4225.36
87,7925,1775.53,1.3151,952316,1585119,8.67,39,ninguno,4270.99
88,8038,1789.72,1.3151,973489,1619139,8.69,39,ninguno,4316.87
89,8152,1803.95,1.3151,994991,1653653,8.72,39,ninguno,4363.0
90,8266,1818.21,1.3151,1016821,1688691,8.74,39,ninguno,4409.37
91,8382,1833.72,1.3151,1038915,1724252,8.76,39,ninguno,4456.05
92,8499,1849.25,1.3151,1061338,1760333,8.78,39,ninguno,4503.02
93,8616,1863.6,1.3151,1084089,1796934,8.8,39,ninguno,4550.24
94,8735,1880.35,1.3151,1107169,1834055,8.81,39,ninguno,4597.82
95,8853,1894.74,1.3151,1130578,1871723,8.84,39,ninguno,4645.63
96,8974,1911.5,1.3151,1154315,1909940,8.85,39,ninguno,4693.79
97,9095,1927.09,1.3151,1178381,1948701,8.87,39,ninguno,4742.25
98,9217,1941.51,1.3151,1202842,1988007,8.89,39,ninguno,4790.93
99,9340,1959.4,1.3151,1227632,2027856,8.91,39,ninguno,4840.01
100,9464,1976.13,1.3151,1252750,2068248,8.92,39,ninguno,4889.43
101,9589,1992.85,1.3151,1278198,2109212,8.94,39,ninguno,4939.18
102,9715,8.41,1.3151,1304039,2150745,8.96,39,america,4989.2
103,9840,26.21,1.3151,1330210,2192847,8.97,39,asia,5039.61
104,9968,2042.85,1.3151,1356709,2235549,8.99,39,africa,5090.33
105,10096,59.46,1.3151,1383603,2278817,9.0,39,africa,5141.37
106,10225,76.03,1.3151,1410825,2322682,9.02,39,america,5192.72
107,10355,93.67,1.3151,1438442,2367112,9.03,39,asia,5244.43
108,10486,111.26,1.3151,1466388,2412136,9.05,39,asia,5296.5
109,10618,128.8,1.3151,1494729,2457753,9.06,39,africa,5348.91
110,10749,145.2,1.3151,1523398,2503991,9.08,39,america,5401.6
111,10883,163.7,1.3151,1552462,2550822,9.09,39,america,5454.69
112,11017,179.98,1.3151,1581920,2598273,9.11,39,asia,5508.05
113,11152,197.27,1.3151,1611773,2646342,9.12,39,america,5561.74
114,11287,215.55,1.3151,1641954,2695030,9.13,39,asia,5615.79
115,11423,233.77,1.3151,1672530,2744336,9.15,39,america,5670.2
116,11561,250.83,1.3151,1703501,2794258,9.16,39,africa,5724.92
117,11698,267.82,1.3151,1734866,2844825,9.18,39,america,5779.93
118,11837,286.82,1.3151,1766626,2896007,9.19,39,asia,5835.32
119,11977,304.68,1.3151,1798780,2947833,9.2,39,asia,5891.05
120,12116,322.44,1.3151,1831329,3000300,9.21,39,africa,5947.1
121,12258,339.07,1.3151,1864272,3053441,9.23,39,america,6003.42
122,12398,356.62,1.3151,1897610,3107222,9.24,39,america,6060.03
123,12541,375.1,1.3151,1931342,3161644,9.25,39,america,6117.0
124,12683,393.46,1.3151,1965469,3216735,9.26,39,asia,6174.31
125,12827,410.7,1.3151,1999990,3272495,9.28,39,america,6231.89
126,12971,426.79,1.3151,2034972,3328923,9.29,39,america,6289.7
127,13116,445.81,1.3151,2070348,3386018,9.3,39,asia,6347.87
128,13262,464.7,1.3151,2106119,3443778,9.31,39,america,6406.4
129,13407,481.46,1.3151,2142284,3502234,9.33,39,africa,6465.16
130,13554,499.09,1.3151,2178910,3561356,9.34,39,africa,6524.22
131,13701,516.59,1.3151,2215930,3621171,9.35,39,america,6583.55
132,13849,534.94,1.3151,2253344,3681650,9.36,39,america,6643.19
133,13997,552.17,1.3151,2291219,3742821,9.38,39,asia,6703.09
134,14146,569.26,1.3151,2329488,3804684,9.39,39,africa,6763.24
135,14295,587.19,1.3151,2368218,3867239,9.4,39,asia,6823.67
136,14445,603.99,1.3151,2407342,3930515,9.41,39,africa,6884.33
137,14595,620.65,1.3151,2446927,3994481,9.42,39,africa,6945.21
138,14746,638.12,1.3151,2486906,4059167,9.44,39,africa,7006.35
139,14896,655.45,1.3151,2527345,4124542,9.45,39,asia,7067.73
140,15049,671.66,1.3151,2568245,4190637,9.46,39,africa,7129.3
141,15200,688.67,1.3151,2609539,4257448,9.47,39,africa,7191.09
142,15353,705.53,1.3151,2651293,4324978,9.48,39,asia,7253.11
143,15506,722.23,1.3151,2693508,4393224,9.5,39,america,7315.33
144,15659,739.71,1.3151,2736117,4462187,9.51,39,america,7377.79
145,15813,756.09,1.3151,2779187,4531866,9.52,39,america,7440.44
146,15966,772.32,1.3151,2822717,4602261,9.53,39,america,7503.26
147,16121,788.38,1.3151,2866707,4673402,9.54,39,africa,7566.25
148,16275,805.2,1.3151,2911091,4745286,9.55,39,africa,7629.45
149,16430,821.86,1.3151,2955936,4817886,9.56,39,asia,7692.84
150,16584,836.51,1.3151,3001242,4891230,9.58,39,america,7756.32
151,16740,852.83,1.3151,3047007,4965290,9.59,39,america,7819.97
152,16895,868.98,1.3151,3093233,5040092,9.6,39,africa,7883.78
153,17051,884.96,1.3151,3139853,5115638,9.61,39,asia,7947.75
154,17206,899.87,1.3151,3186934,5191926,9.62,39,asia,8011.82
155,17363,915.51,1.3151,3234475,5268959,9.63,39,america,8076.02
156,17518,930.99,1.3151,3282476,5346734,9.64,39,africa,8140.34
157,17675,945.4,1.3151,3330937,5425252,9.65,39,asia,8204.73
158,17831,960.53,1.3151,3379859,5504542,9.67,39,asia,8269.23
159,17987,974.61,1.3151,3429241,5584575,9.68,39,africa,8333.78
160,18143,989.39,1.3151,3479083,5665350,9.69,39,asia,8398.42
161,18300,1004.89,1.3151,3529386,5746869,9.7,39,africa,8463.18
162,18456,1018.48,1.3151,3580149,5829159,9.71,39,america,8527.96
163,18613,1032.76,1.3151,3631372,5912192,9.72,39,america,8592.8
164,18769,1046.88,1.3151,3683055,5995966,9.73,39,africa,8657.69
165,18926,1060.83,1.3151,3735199,6080513,9.74,39,africa,8722.63
166,19082,1074.61,1.3151,3787803,6165802,9.75,39,asia,8787.6
167,19238,1088.23,1.3151,3840867,6251864,9.76,39,africa,8852.59
168,19394,1100.84,1.3151,3894392,6338668,9.78,39,asia,8917.55
169,19550,1114.97,1.3151,3948377,6426215,9.79,39,america,8982.57
170,19705,1127.26,1.3151,4002822,6514535,9.8,39,africa,9047.54
171,19861,1141.07,1.3151,4057727,6603599,9.81,39,asia,9112.55
172,20016,1153.04,1.3151,4113093,6693436,9.82,39,africa,9177.5
173,20171,1166.52,1.3151,4168919,6784017,9.83,39,america,9242.47
174,20326,1178.18,1.3151,4225205,6875372,9.84,39,africa,9307.36
175,20481,1190.51,1.3151,4281952,6967470,9.85,39,america,9372.22
176,20635,1201.87,1.3151,4339159,7060343,9.86,39,asia,9436.99
177,20789,1214.71,1.3151,4396826,7153961,9.87,39,america,9501.75
178,20942,1227.39,1.3151,4454887,7248324,9.88,39,africa,9566.49
179,21096,1238.31,1.3151,4513409,7343464,9.89,39,america,9631.12
180,21248,1249.88,1.3151,4572392,7439349,9.9,39,africa,9695.68
181,21401,1260.51,1.3151,4631834,7535981,9.91,39,africa,9760.11
182,21552,1271.78,1.3151,4691737,7633360,9.92,39,africa,9824.47
183,21704,1282.92,1.3151,4752100,7731488,9.93,39,asia,9888.73
184,21854,1293.11,1.3151,4812923,7830363,9.94,39,america,9952.85
185,22005,1303.96,1.3151,4874207,7929988,9.95,39,america,10016.87
186,22155,1314.67,1.3151,4935951,8030332,9.96,39,america,10080.77
187,22304,1323.68,1.3151,4998155,8131456,9.97,39,africa,10144.49
188,22453,1334.9,1.3151,5060754,8233301,9.98,39,africa,10208.12
189,22601,1344.43,1.3151,5123813,8335898,9.99,39,america,10271.59
190,22748,1354.6,1.3151,5187332,8439216,10.0,39,africa,10334.93
191,22896,1363.88,1.3151,5251312,8543259,10.01,39,asia,10398.09
192,23041,1373.8,1.3151,5315686,8648054,10.02,39,america,10461.11
193,23187,1382.83,1.3151,5380520,8753574,10.03,39,america,10523.95
194,23332,1391.74,1.3151,5445815,8859820,10.04,39,asia,10586.6
195,23475,1400.53,1.3151,5511504,8966792,10.05,39,africa,10649.06
196,23619,1409.2,1.3151,5577654,9074492,10.06,39,asia,10711.33
197,23761,1417.01,1.3151,5644264,9182919,10.07,39,asia,10773.35
198,23903,1425.45,1.3151,5711268,9292076,10.08,39,america,10835.18
199,24044,1433.04,1.3151,5778733,9401932,10.09,39,asia,10896.76
200,24184,1441.26,1.3151,5846592,9512519,10.1,39,asia,10958.14
201,24323,1449.38,1.3151,5914911,9623778,10.11,39,asia,11019.3
202,24461,1456.66,1.3151,5983625,9735771,10.12,39,asia,11080.21
203,24598,1463.84,1.3151,6052800,9848438,10.13,39,america,11140.87
204,24735,1471.65,1.3151,6122368,9961810,10.14,39,america,11201.31
205,24870,1477.91,1.3151,6192397,10075888,10.15,39,africa,11261.45
206,25004,1485.53,1.3151,6262821,10190644,10.15,39,africa,11321.37
207,25137,1491.62,1.3151,6333639,10306109,10.16,39,africa,11380.99
208,25270,1498.34,1.3151,6404852,10422255,10.17,39,america,11440.35
209,25401,1503.53,1.3151,6476525,10539081,10.18,39,africa,11499.37
210,25531,1510.79,1.3151,6548592,10656560,10.19,39,america,11558.16
211,25660,1516.55,1.3151,6621054,10774722,10.2,39,africa,11616.65
212,25788,1522.93,1.3151,6693911,10893540,10.21,39,africa,11674.87
213,25914,1528.54,1.3151,6767162,11013015,10.21,39,africa,11732.78
214,26040,1534.07,1.3151,6840808,11133148,10.22,39,america,11790.39
215,26164,1538.84,1.3151,6914848,11253940,10.23,39,africa,11847.66
216,26287,1544.23,1.3151,6989282,11375363,10.24,39,america,11904.62
217,26410,1548.86,1.3151,7064112,11497449,10.25,39,africa,11961.25
218,26530,1554.82,1.3151,7139269,11620167,10.26,39,america,12017.6
219,26650,1558.64,1.3151,7214822,11743521,10.26,39,asia,12073.57
220,26768,1563.78,1.3151,7290769,11867481,10.27,39,africa,12129.24
221,26885,1567.5,1.3151,7367111,11992079,10.28,39,america,12184.54
222,27000,1572.52,1.3151,7443781,12117287,10.29,39,africa,12239.54
223,27115,1575.46,1.3151,7520846,12243107,10.3,39,asia,12294.13
224,27227,1579.7,1.3151,7598239,12369539,10.3,39,america,12348.38
225,27339,1583.9,1.3151,7676028,12496557,10.31,39,asia,12402.3
226,27449,1587.38,1.3151,7754144,12624160,10.32,39,asia,12455.85
227,27558,1590.82,1.3151,7832590,12752381,10.32,39,asia,12509.04
228,27664,1593.56,1.3151,7911430,12881162,10.33,39,america,12561.83
229,27771,1596.92,1.3151,7990599,13010505,10.34,39,america,12614.26
230,27874,1599.58,1.3151,8070097,13140440,10.35,39,america,12666.3
231,27978,1602.87,1.3151,8149924,13270941,10.35,39,america,12717.98
232,28078,1605.48,1.3151,8230079,13401977,10.36,39,africa,12769.27
233,28178,1608.06,1.3151,8310563,13533584,10.37,39,asia,12820.17
234,28276,1609.95,1.3151,8391376,13665730,10.38,39,asia,12870.66
235,28373,1612.48,1.3151,8472518,13798389,10.38,39,asia,12920.78
236,28468,1614.33,1.3151,8553988,13931591,10.39,39,asia,12970.48
237,28561,1616.82,1.3151,8635722,14065310,10.39,39,africa,13019.8
238,28654,1617.99,1.3151,8717784,14199546,10.4,39,africa,13068.7
239,28744,1619.79,1.3151,8800109,14334302,10.41,39,asia,13117.19
240,28833,1620.94,1.3151,8882763,14469549,10.41,39,america,13165.25
241,28919,1623.36,1.3151,8965680,14605289,10.42,39,africa,13212.96
242,29005,1623.86,1.3151,9048926,14741496,10.43,39,africa,13260.21
243,29088,1624.98,1.3151,9132435,14878200,10.43,39,asia,13307.04
244,29171,1626.1,1.3151,9216207,15015375,10.44,39,america,13353.47
245,29250,1626.58,1.3151,9300242,15153020,10.45,39,asia,13399.45
246,29329,1627.07,1.3151,9384605,15291110,10.45,39,africa,13444.99
247,29406,1627.55,1.3151,9469232,15429645,10.46,39,america,13490.11
248,29481,1628.03,1.3151,9554122,15568628,10.46,39,africa,13534.79
249,29554,1628.53,1.3151,9639209,15708030,10.47,39,asia,13579.06
250,29626,1629.02,1.3151,9724559,15847856,10.47,39,asia,13622.9
251,29696,1628.91,1.3151,9810172,15988104,10.48,39,america,13666.3
252,29766,1627.56,1.3151,9896048,16128779,10.49,39,america,13709.21
253,29837,1628.08,1.3151,9982121,16269850,10.49,39,america,13751.7
254,29909,1628.0,1.3151,10068457,16411286,10.5,39,africa,13793.77
255,29981,1627.31,1.3151,10154991,16553115,10.5,39,asia,13835.39
256,30053,1626.03,1.3151,10241788,16695338,10.51,39,africa,13876.52
257,30125,1625.99,1.3151,10328781,16837924,10.51,39,africa,13917.24
258,30198,1625.36,1.3151,10415973,16980874,10.52,39,asia,13957.53
259,30271,1624.75,1.3151,10503427,17124186,10.53,39,asia,13997.38
260,30343,1624.16,1.3151,10591078,17267861,10.53,39,asia,14036.8
261,30416,1623.6,1.3151,10678927,17411900,10.54,39,america,14075.8
262,30490,1622.46,1.3151,10767039,17556300,10.54,39,america,14114.35
263,30563,1623.16,1.3151,10855348,17701032,10.55,39,america,14152.56
264,30637,1622.68,1.3151,10943854,17846127,10.55,39,asia,14190.35
265,30710,1622.23,1.3151,11032557,17991582,10.56,39,africa,14227.75
266,30785,1621.22,1.3151,11121524,18137400,10.57,39,asia,14264.72
267,30858,1620.83,1.3151,11210688,18283578,10.57,39,america,14301.31
268,30932,1620.47,1.3151,11300049,18430119,10.58,39,america,14337.51
269,31006,1620.15,1.3151,11389673,18576990,10.58,39,africa,14373.33
270,31081,1619.86,1.3151,11479494,18724223,10.59,39,america,14408.78
271,31155,1619.6,1.3151,11569513,18871816,10.59,39,america,14443.86
272,31229,1618.8,1.3151,11659794,19019770,10.6,39,america,14478.55
273,31303,1618.61,1.3151,11750273,19168085,10.6,39,africa,14512.89
274,31377,1619.04,1.3151,11840949,19316762,10.61,39,asia,14546.9
275,31453,1618.35,1.3151,11931888,19465799,10.62,39,asia,14580.54
276,31527,1618.27,1.3151,12023025,19615196,10.62,39,america,14613.84
277,31602,1618.23,1.3151,12114359,19764953,10.63,39,africa,14646.8
278,31677,1618.23,1.3151,12205889,19915071,10.63,39,africa,14679.44
279,31752,1618.26,1.3151,12297683,20065548,10.64,39,asia,14711.75
280,31827,1618.34,1.3151,12389675,20216386,10.64,39,africa,14743.74
281,31903,1618.45,1.3151,12481863,20367584,10.65,39,asia,14775.41
282,31978,1618.6,1.3151,12574315,20519140,10.65,39,africa,14806.78
283,32053,1618.79,1.3151,12666964,20671056,10.66,39,america,14837.84
284,32128,1619.02,1.3151,12759875,20823333,10.66,39,america,14868.61
285,32205,1619.28,1.3151,12852984,20975969,10.67,39,america,14899.07
286,32280,1620.16,1.3151,12946291,21128963,10.67,39,africa,14929.28
287,32355,1619.93,1.3151,13039860,21282317,10.68,39,africa,14959.18
288,32432,1620.88,1.3151,13133627,21436031,10.68,39,america,14988.82
289,32507,1621.3,1.3151,13227591,21590133,10.69,39,africa,15018.18
290,32584,1621.76,1.3151,13321818,21744594,10.69,39,america,15047.28
291,32660,1622.25,1.3151,13416242,21899414,10.69,39,america,15076.11
292,32736,1623.35,1.3151,13510863,22054592,10.7,39,asia,15104.7
293,32812,1623.92,1.3151,13605748,22210128,10.7,39,africa,15133.04
294,32889,1623.97,1.3151,13700829,22366054,10.71,39,america,15161.1
295,32966,1624.61,1.3151,13796174,22522337,10.71,39,america,15188.9
296,33043,1625.85,1.3151,13891716,22678978,10.72,39,asia,15216.49
297,33119,1626.56,1.3151,13987455,22836006,10.72,39,america,15243.84
298,33197,1627.31,1.3151,14083458,22993394,10.73,39,america,15270.96
299,33273,1628.65,1.3151,14179657,23151137,10.73,39,america,15297.87
300,33350,1629.48,1.3151,14276120,23309240,10.73,39,america,15324.55
301,33428,1630.88,1.3151,14372780,23467730,10.74,39,america,15351.03
302,33505,1630.68,1.3151,14469703,23626606,10.74,39,america,15377.24
303,33583,1632.15,1.3151,14566823,23785840,10.75,39,america,15403.26
304,33660,1633.65,1.3151,14664140,23945460,10.75,39,asia,15429.09
305,33738,1634.65,1.3151,14761721,24105438,10.76,39,asia,15454.71
306,33816,1636.22,1.3151,14859498,24265803,10.76,39,africa,15480.16
307,33894,1637.27,1.3151,14957539,24426524,10.76,39,africa,15505.4
308,33972,1638.36,1.3151,15055777,24587631,10.77,39,asia,15530.45
309,34050,1639.48,1.3151,15154278,24749094,10.77,39,africa,15555.3
310,34128,1641.17,1.3151,15252976,24910944,10.78,39,asia,15579.98
311,34206,1642.9,1.3151,15351937,25073151,10.78,39,america,15604.51
312,34285,1644.65,1.3151,15451096,25235744,10.78,39,africa,15628.87
313,34363,1644.82,1.3151,15550518,25398722,10.79,39,asia,15653.0
314,34442,1647.16,1.3151,15650136,25562056,10.79,39,africa,15677.01
315,34521,1648.46,1.3151,15750018,25725776,10.79,39,asia,15700.83
316,34600,1650.32,1.3151,15850097,25889880,10.8,39,asia,15724.52
317,34679,1651.15,1.3151,15950439,26054370,10.8,39,america,15748.0
318,34758,1653.59,1.3151,16050979,26219216,10.81,39,africa,15771.38
319,34837,1655.0,1.3151,16151781,26384446,10.81,39,america,15794.59
320,34917,1656.97,1.3151,16252781,26550062,10.81,39,asia,15817.66
321,34996,1658.43,1.3151,16354044,26716061,10.82,39,asia,15840.58
322,35076,1660.45,1.3151,16455504,26882446,10.82,39,asia,15863.36
323,35156,1662.49,1.3151,16557227,27049185,10.82,39,asia,15886.02
324,35235,1664.03,1.3151,16659147,27216338,10.83,39,asia,15908.53
325,35316,1666.12,1.3151,16761330,27383846,10.83,39,america,15930.92
326,35396,1668.23,1.3151,16863711,27551766,10.83,39,america,15953.19
327,35476,1670.36,1.3151,16966354,27720041,10.84,39,africa,15975.34
328,35556,1671.99,1.3151,17069195,27888730,10.84,39,africa,15997.35
329,35637,1674.17,1.3151,17172299,28057773,10.85,39,africa,16019.24
330,35717,1675.32,1.3151,17275666,28227228,10.85,39,asia,16040.98
331,35798,1678.05,1.3151,17379230,28397068,10.85,39,asia,16062.63
332,35879,1680.29,1.3151,17483057,28567260,10.86,39,asia,16084.18
333,35960,1682.02,1.3151,17587081,28737866,10.86,39,america,16105.6
334,36041,1684.3,1.3151,17691369,28908854,10.86,39,africa,16126.92
335,36122,1687.1,1.3151,17795854,29080224,10.86,39,asia,16148.16
336,36204,1688.9,1.3151,17900601,29251978,10.87,39,africa,16169.28
337,36285,1691.23,1.3151,18005612,29424113,10.87,39,america,16190.3
338,36367,1693.06,1.3151,18110820,29596661,10.88,39,asia,16211.2
339,36448,1695.93,1.3151,18216291,29769591,10.88,39,asia,16232.04
340,36530,1697.28,1.3151,18322025,29942933,10.88,39,america,16252.74
341,36612,1700.18,1.3151,18427956,30116657,10.88,39,africa,16273.37
342,36694,1702.59,1.3151,18534151,30290763,10.89,39,africa,16293.91
343,36776,1705.01,1.3151,18640542,30465280,10.89,39,africa,16314.37
344,36858,1707.45,1.3151,18747197,30640179,10.89,39,america,16334.75
345,36941,1709.9,1.3151,18854115,30815459,10.9,39,asia,16355.04
346,37024,1712.37,1.3151,18961229,30991150,10.9,49,asia,16375.25
347,37106,1714.85,1.3151,19068607,31167221,10.9,49,america,16395.38
348,37189,1717.34,1.3151,19176248,31343704,10.91,48,asia,16415.44
349,37271,1719.84,1.3151,19284086,31520567,10.91,48,africa,16435.42
350,37354,1722.36,1.3151,19392188,31697842,10.91,58,asia,16455.32
351,37437,1724.88,1.3151,19500552,31875497,10.92,87,asia,16475.15
352,37519,1727.93,1.3151,19609113,32053563,10.92,86,africa,16494.93
353,37602,1729.97,1.3151,19717938,32232040,10.92,85,asia,16514.61
354,37685,1733.03,1.3151,19827025,32410898,10.92,105,asia,16534.25
355,37769,1735.1,1.3151,19936376,32590166,10.93,115,asia,16553.8
356,37852,1737.68,1.3151,20045924,32769843,10.93,115,africa,16573.27
357,37935,1740.77,1.3151,20155735,32949900,10.93,129,asia,16592.71
358,38018,1742.87,1.3151,20265809,33130368,10.94,144,asia,16612.05
359,38102,1746.47,1.3151,20376080,33311247,10.94,143,america,16631.38
360,38186,1748.59,1.3151,20486614,33492534,10.94,142,america,16650.62
361,38269,1751.71,1.3151,20597411,33674201,10.94,157,asia,16669.83
362,38353,1754.34,1.3151,20708471,33856278,10.95,189,africa,16688.97
363,38436,1756.98,1.3151,20819729,34038765,10.95,226,africa,16708.05
364,38519,1760.12,1.3151,20931249,34221662,10.95,251,asia,16727.1
365,38601,1762.77,1.3151,21043033,34404969,10.95,275,africa,16746.08
366,38685,1764.93,1.3151,21155079,34588688,10.96,290,africa,16764.98
367,38767,1768.58,1.3151,21267323,34772816,10.96,356,asia,16783.88
368,38849,1771.25,1.3151,21379830,34957355,10.96,381,america,16802.72
369,38931,1773.93,1.3151,21492600,35142306,10.97,451,asia,16821.5
370,39012,1777.1,1.3151,21605632,35327669,10.97,555,america,16840.25
371,39092,1779.78,1.3151,21718928,35513445,10.97,596,asia,16858.95
372,39174,1782.47,1.3151,21832421,35699664,10.97,585,america,16877.59
373,39255,1785.17,1.3151,21946178,35886296,10.98,669,africa,16896.18
374,39335,1788.35,1.3151,22060197,36073340,10.98,837,asia,16914.74
375,39414,1791.05,1.3151,22174479,36260798,10.98,891,africa,16933.25
376,39494,1794.24,1.3151,22289024,36448671,10.98,941,africa,16951.73
377,39576,1796.46,1.3151,22403832,36636988,10.99,920,asia,16970.14
378,39656,1800.62,1.3151,22518838,36825717,10.99,1087,america,16988.57
379,39737,1803.34,1.3151,22634106,37014860,10.99,1059,america,17006.95
380,39818,1806.06,1.3151,22749638,37204445,10.99,1133,asia,17025.28
381,39899,1808.78,1.3151,22865433,37394444,10.99,1194,africa,17043.56
382,39980,1812.46,1.3151,22981490,37584855,11.0,1284,africa,17061.84
383,40064,1815.18,1.3151,23097811,37775709,11.0,1245,africa,17080.08
384,40146,1818.39,1.3151,23214394,37966972,11.0,1326,asia,17098.29
385,40230,1821.11,1.3151,23331175,38158677,11.0,1284,america,17116.45
386,40306,1824.32,1.3151,23448219,38350791,11.01,1742,asia,17134.59
387,40380,1827.05,1.3151,23565526,38543354,11.01,1954,asia,17152.68
388,40455,1830.73,1.3151,23683096,38736338,11.01,2046,asia,17170.77
389,40534,1833.94,1.3151,23800929,38929772,11.01,1961,america,17188.85
390,40604,1836.67,1.3151,23919025,39123651,11.01,2506,america,17206.87
391,40675,1839.87,1.3151,24037384,39317956,11.02,2627,america,17224.88
392,40746,1842.6,1.3151,24156006,39512716,11.02,2785,america,17242.84
393,40825,1845.8,1.3151,24274891,39707931,11.02,2638,asia,17260.78
394,40908,1849.0,1.3151,24394039,39903561,11.02,2496,america,17278.7
395,40989,1852.2,1.3151,24513450,40099631,11.02,2653,africa,17296.59
396,41070,1854.93,1.3151,24633124,40296144,11.03,2769,africa,17314.45
397,41145,1858.12,1.3151,24753061,40493100,11.03,3149,america,17332.28
398,41227,1861.32,1.3151,24873261,40690506,11.03,2950,africa,17350.09
399,41302,1864.51,1.3151,24993725,40888354,11.03,3359,asia,17367.88
400,41288,1867.7,1.3151,25114451,41086652,11.03,3880,america,17385.66
401,41049,1870.42,1.3151,25235440,41285506,11.03,5196,africa,17403.38
402,40926,1873.6,1.3151,25356692,41485187,11.02,4896,africa,17421.09
403,40918,1877.25,1.3151,25478207,41685556,11.01,4498,america,17438.81
404,41027,1880.43,1.3151,25599986,41886474,11.01,3973,asia,17456.5
405,41021,1883.61,1.3151,25722027,42087802,11.01,4579,africa,17474.17
406,41018,1886.78,1.3151,25844331,42289677,11.01,4666,asia,17491.83
407,41066,1890.42,1.3151,25966899,42492095,11.01,4488,africa,17509.48
408,41147,1893.59,1.3151,26089729,42694996,11.01,4358,america,17527.12
409,41098,1896.75,1.3151,26212822,42898370,11.01,5079,africa,17544.74
410,41181,1900.38,1.3151,26336179,43102342,11.01,4516,america,17562.36
411,41377,1903.54,1.3151,26459798,43306785,11.01,3920,africa,17579.96
412,41488,1907.16,1.3151,26583681,43511532,11.02,4288,asia,17597.57
413,41652,1909.85,1.3151,26707826,43716717,11.02,3997,america,17615.13
414,41890,1913.45,1.3151,26832234,43922244,11.03,3539,america,17632.69
415,42127,1916.59,1.3151,26956906,44128056,11.04,3164,africa,17650.24
416,42336,1919.73,1.3151,27081906,44334124,11.05,3200,asia,17667.76
417,42521,1923.32,1.3151,27207169,44540511,11.05,3259,asia,17685.29
418,42655,1926.91,1.3151,27332696,44747216,11.06,3651,asia,17702.82
419,42744,1930.03,1.3151,27458485,44954330,11.06,3852,asia,17720.33
420,42901,1933.15,1.3151,27584537,45161907,11.07,3439,asia,17737.81
421,43054,1936.72,1.3151,27710853,45369866,11.07,3079,asia,17755.3
422,43189,1940.28,1.3151,27837431,45578181,11.08,3357,america,17772.79
423,43301,1942.93,1.3151,27964338,45786904,11.08,3613,asia,17790.24
424,43428,1946.48,1.3151,28091508,45996063,11.08,3233,africa,17807.69
425,43445,1950.02,1.3151,28218942,46205639,11.09,4086,america,17825.14
426,43506,1953.56,1.3151,28346638,46415735,11.09,3928,america,17842.59
427,43606,1956.64,1.3151,28474597,46626328,11.09,3763,africa,17860.02
428,43424,1959.71,1.3151,28602885,46837371,11.09,5278,america,17877.42
429,43390,1963.23,1.3151,28731436,47049202,11.08,4756,africa,17894.83
430,43504,1966.29,1.3151,28860250,47261644,11.08,4093,america,17912.21
431,43706,1969.79,1.3151,28989327,47474519,11.08,3616,america,17929.59
432,43896,1973.29,1.3151,29118667,47687722,11.09,3520,america,17946.97
433,44076,1975.88,1.3151,29248336,47901267,11.09,3130,asia,17964.31
434,44241,1979.8,1.3151,29378268,48115166,11.1,3114,asia,17981.67
435,44399,1983.28,1.3151,29508463,48329436,11.1,2781,asia,17999.02
436,44551,1986.75,1.3151,29638921,48544088,11.11,2492,asia,18016.38
437,44678,1989.76,1.3151,29769708,48759126,11.11,3176,america,18033.71
438,44787,1993.66,1.3151,29900757,48974583,11.12,3684,africa,18051.06
439,44872,1996.67,1.3151,30032070,49190478,11.12,3804,africa,18068.38
440,44988,2000.1,1.3151,30163646,49406872,11.12,3396,america,18085.7
441,45104,2003.09,1.3151,30295550,49623696,11.13,3259,asia,18103.0
442,45224,2006.96,1.3151,30427718,49840952,11.13,2921,america,18120.31
443,45344,2009.93,1.3151,30560148,50058663,11.13,2625,asia,18137.6
444,45460,2013.34,1.3151,30692842,50276800,11.14,2683,asia,18154.89
445,45577,2016.74,1.3151,30825864,50495368,11.14,2420,america,18172.16
446,45606,2020.13,1.3151,30959150,50714366,11.14,4045,america,18189.44
447,45708,2023.96,1.3151,31092698,50933928,11.14,3626,africa,18206.73
448,45760,2026.89,1.3151,31226575,51153939,11.14,4005,america,18223.99
449,45824,2030.26,1.3151,31360716,51374487,11.14,3988,asia,18241.25
450,45932,2033.62,1.3151,31495119,51595528,11.14,3793,america,18258.5
451,46032,2036.97,1.3151,31629851,51817010,11.15,3831,america,18275.75
452,46151,2040.32,1.3151,31764846,52038971,11.15,3431,asia,18292.99
453,46217,2043.65,1.3151,31900104,52261390,11.15,4008,africa,18310.22
454,46321,2046.98,1.3151,32035691,52484300,11.15,3846,africa,18327.44
455,46427,2050.74,1.3151,32171540,52707684,11.16,3838,america,18344.68
456,46501,2053.61,1.3151,32307653,52931542,11.16,4012,africa,18361.89
457,46622,2057.35,1.3151,32444095,53155881,11.16,3585,africa,18379.11
458,46736,2060.65,1.3151,32580800,53380674,11.16,3723,asia,18396.32
459,46735,2063.5,1.3151,32717833,53605931,11.17,4421,america,18413.5
460,46847,2067.21,1.3151,32855129,53831789,11.16,3921,america,18430.69
461,46905,2070.48,1.3151,32992689,54058113,11.17,4209,america,18447.87
462,47019,2074.17,1.3151,33130577,54284937,11.17,3957,asia,18465.06
463,47151,2077.42,1.3151,33268728,54512224,11.17,3848,africa,18482.25
464,47176,2080.23,1.3151,33407208,54739953,11.17,4401,america,18499.39
465,47309,2084.33,1.3151,33545951,54968252,11.17,3908,asia,18516.57
466,47432,2087.13,1.3151,33685023,55196991,11.18,3940,asia,18533.72
467,47568,2090.34,1.3151,33824358,55426182,11.18,3513,africa,18550.86
468,47613,2094.41,1.3151,33963956,55655811,11.18,4318,africa,18568.02
469,47676,2097.61,1.3151,34103883,55885985,11.18,4280,asia,18585.17
470,47818,2100.81,1.3151,34244072,56116684,11.18,3808,asia,18602.31
471,47950,2104.42,1.3151,34384591,56347812,11.19,3913,america,18619.46
472,48080,2107.59,1.3151,34525372,56579412,11.19,3773,asia,18636.59
473,48171,2110.76,1.3151,34666482,56811456,11.19,4101,africa,18653.7
474,48300,2114.34,1.3151,34807856,57043991,11.2,3654,africa,18670.83
475,48424,2117.92,1.3151,34949558,57276971,11.2,3607,asia,18687.96
476,48553,2121.06,1.3151,35091523,57510432,11.2,3225,africa,18705.07
477,48675,2124.19,1.3151,35233817,57744339,11.21,3255,africa,18722.17
478,48795,2127.74,1.3151,35376373,57978699,11.21,3228,america,18739.27
479,48917,2130.85,1.3151,35519259,58213545,11.21,2899,america,18756.35
480,49017,2134.8,1.3151,35662408,58448844,11.21,3851,asia,18773.46
481,49052,2137.9,1.3151,35805885,58684654,11.22,4355,africa,18790.55
482,49127,2140.99,1.3151,35949691,58921022,11.22,4213,america,18807.63
483,49248,2144.49,1.3151,36093760,59157929,11.22,3766,africa,18824.7
484,49309,2147.56,1.3151,36238158,59395292,11.22,4315,africa,18841.76
485,49408,2151.04,1.3151,36382819,59633211,11.22,4160,africa,18858.82
486,49473,2154.93,1.3151,36527809,59871611,11.22,4352,asia,18875.9
487,49605,2158.4,1.3151,36673062,60110564,11.22,3884,asia,18892.98
488,49489,2161.43,1.3151,36818644,60349988,11.23,5348,america,18910.04
489,49458,2164.88,1.3151,36964554,60590151,11.22,5115,america,18927.1
490,49577,2168.32,1.3151,37110727,60830981,11.22,4452,asia,18944.16
491,49768,2171.32,1.3151,37257229,61072299,11.22,3954,america,18961.2
492,49952,2174.74,1.3151,37403995,61314017,11.23,3522,asia,18978.24
493,50052,2178.15,1.3151,37551088,61556115,11.23,4403,asia,18995.28
494,50104,2181.55,1.3151,37698511,61798722,11.23,4677,asia,19012.31
495,50104,2184.93,1.3151,37846197,62041898,11.23,5011,africa,19029.34
496,50243,2188.31,1.3151,37994211,62285703,11.23,4381,asia,19046.37
497,50402,2191.69,1.3151,38142555,62529971,11.24,4242,africa,19063.39
498,50581,2195.05,1.3151,38291161,62774679,11.24,3768,america,19080.41
499,50749,2198.4,1.3151,38440096,63019802,11.24,3661,america,19097.43
500,50817,2201.74,1.3151,38589360,63265353,11.25,4581,asia,19114.44
501,50971,2205.07,1.3151,38738887,63511482,11.25,4068,america,19131.45
502,51044,2208.4,1.3151,38888742,63758057,11.25,4557,africa,19148.45
503,51050,2211.71,1.3151,39038927,64005174,11.25,4961,africa,19165.45
504,51187,2215.43,1.3151,39189440,64252914,11.25,4359,africa,19182.45
505,51338,2218.72,1.3151,39340216,64501150,11.26,4262,asia,19199.46
506,51331,2222.01,1.3151,39491321,64749834,11.26,5083,asia,19216.45
507,51463,2225.29,1.3151,39642755,64999157,11.26,4448,africa,19233.44
508,51526,2228.15,1.3151,39794518,65248982,11.26,4808,asia,19250.4
509,51650,2231.81,1.3151,39946543,65499360,11.26,4534,asia,19267.37
510,51658,2235.47,1.3151,40098897,65750220,11.26,5149,africa,19284.35
511,51807,2238.71,1.3151,40251581,66001731,11.26,4493,africa,19301.32
512,51764,2242.35,1.3151,40404592,66253692,11.27,5491,america,19318.31
513,51891,2245.57,1.3151,40557867,66506366,11.26,4734,asia,19335.28
514,52054,2249.19,1.3151,40711471,66759516,11.27,4533,asia,19352.26
515,52190,2251.99,1.3151,40865403,67013132,11.27,4637,asia,19369.21
516,52318,2255.58,1.3151,41019665,67267244,11.27,4661,asia,19386.17
517,52463,2259.17,1.3151,41174255,67521832,11.28,4565,america,19403.14
518,52539,2262.75,1.3151,41329108,67776906,11.28,4904,america,19420.11
519,52608,2265.52,1.3151,41484290,68032550,11.28,4980,africa,19437.06
520,52799,2269.07,1.3151,41639800,68288770,11.28,4378,asia,19454.0
521,52883,2272.62,1.3151,41795639,68545391,11.29,4874,asia,19470.96
522,52870,2276.16,1.3151,41951808,68802572,11.29,5436,america,19487.92
523,52919,2278.89,1.3151,42108305,69060428,11.29,5223,africa,19504.85
524,53107,2282.41,1.3151,42265130,69318885,11.29,4550,africa,19521.78
525,53270,2286.32,1.3151,42422219,69577776,11.29,4619,america,19538.73
526,53431,2289.42,1.3151,42579636,69837132,11.29,4587,africa,19555.67
527,53623,2292.91,1.3151,42737383,70096955,11.3,4326,africa,19572.61
528,53673,2296.39,1.3151,42895458,70357208,11.3,5078,asia,19589.56
529,53778,2299.47,1.3151,43053861,70618060,11.3,4847,africa,19606.49
530,53852,2302.93,1.3151,43212594,70879446,11.3,5028,asia,19623.42
531,54046,2306.38,1.3151,43371655,71141404,11.31,4428,asia,19640.35
532,54135,2309.42,1.3151,43531045,71403819,11.31,4920,america,19657.26
533,54321,2312.85,1.3151,43690764,71666787,11.31,4339,america,19674.17
534,54503,2316.27,1.3151,43850812,71930192,11.32,3839,africa,19691.09
535,54680,2319.69,1.3151,44011188,72194038,11.32,3409,asia,19708.0
536,54825,2322.69,1.3151,44171894,72458362,11.32,4392,africa,19724.89
537,54966,2326.08,1.3151,44332928,72723172,11.33,4225,asia,19741.79
538,55083,2329.07,1.3151,44494290,72988503,11.33,4581,america,19758.66
539,55152,2332.83,1.3151,44655982,73254353,11.33,4850,america,19775.55
540,55294,2335.8,1.3151,44818002,73520811,11.33,4300,africa,19792.41
541,55325,2339.55,1.3151,44980351,73787758,11.34,5080,africa,19809.3
542,55474,2342.5,1.3151,45143029,74055358,11.33,4499,africa,19826.16
543,55616,2346.22,1.3151,45306036,74323439,11.34,4498,africa,19843.03
544,55744,2349.16,1.3151,45469371,74592040,11.34,4598,america,19859.89
545,55818,2352.86,1.3151,45633036,74861147,11.34,4891,africa,19876.75
546,55963,2356.16,1.3151,45797028,75130856,11.34,4339,america,19893.62
547,55975,2359.85,1.3151,45961350,75401050,11.35,5246,africa,19910.49
548,56121,2362.75,1.3151,46126001,75671920,11.35,4638,america,19927.34
549,55896,2366.41,1.3151,46290980,75943305,11.35,6606,africa,19944.21
550,55829,2369.68,1.3151,46456288,76215620,11.34,6092,america,19961.07
551,55958,2373.32,1.3151,46621925,76488705,11.34,5224,america,19977.93
552,56137,2376.57,1.3151,46787891,76762325,11.34,4955,africa,19994.8
553,56346,2379.81,1.3151,46954185,77036421,11.34,4737,asia,20011.65
554,56563,2383.43,1.3151,47120808,77310956,11.35,4553,africa,20028.51
555,56621,2386.65,1.3151,47287760,77585920,11.35,5385,america,20045.37
556,56812,2389.86,1.3151,47455041,77861505,11.35,4732,asia,20062.21
557,56973,2393.44,1.3151,47622650,78137550,11.36,4826,africa,20079.06
558,57150,2396.25,1.3151,47790654,78414093,11.36,4709,asia,20095.89
559,57173,2399.81,1.3151,47958987,78691113,11.37,5490,america,20112.72
560,57177,2403.37,1.3151,48127649,78968795,11.36,5684,africa,20129.56
561,57280,2406.53,1.3151,48296639,79247193,11.36,5274,africa,20146.39
562,57438,2409.68,1.3151,48465958,79526157,11.37,5001,america,20163.2
563,57632,2413.2,1.3151,48635606,79805621,11.37,4776,asia,20180.02
564,57793,2415.96,1.3151,48805649,80085573,11.37,4885,america,20196.81
565,57975,2419.84,1.3151,48976020,80366021,11.38,4733,asia,20213.63
566,58046,2423.33,1.3151,49146720,80646941,11.38,5288,america,20230.45
567,58095,2426.44,1.3151,49317748,80928496,11.38,5452,africa,20247.25
568,58220,2429.91,1.3151,49489106,81210682,11.38,5123,america,20264.06
569,58389,2432.62,1.3151,49660858,81493438,11.38,4892,america,20280.83
570,58579,2436.45,1.3151,49832939,81776681,11.39,4328,asia,20297.63
571,58751,2439.9,1.3151,50005348,82060386,11.39,4506,asia,20314.43
572,58916,2443.33,1.3151,50178087,82344605,11.39,4379,africa,20331.23
573,59075,2446.38,1.3151,50351154,82629346,11.4,4200,america,20348.01
574,59226,2449.8,1.3151,50524616,82914586,11.4,4262,america,20364.8
575,59373,2452.83,1.3151,50698406,83200365,11.4,4115,africa,20381.56
576,59506,2456.22,1.3151,50872525,83486687,11.4,4561,africa,20398.33
577,59634,2459.23,1.3151,51047039,83773570,11.41,4711,africa,20415.08
578,59770,2463.35,1.3151,51221882,84060989,11.41,4198,america,20431.86
579,59901,2466.35,1.3151,51397053,84348965,11.41,4292,africa,20448.63
580,60040,2469.7,1.3151,51572553,84637504,11.41,3837,africa,20465.39
581,60183,2473.05,1.3151,51748448,84926566,11.42,3439,asia,20482.16
582,60329,2476.39,1.3151,51924671,85216176,11.42,3092,america,20498.92
583,60476,2479.72,1.3151,52101223,85506362,11.42,2789,asia,20515.67
584,60618,2483.04,1.3151,52278170,85797060,11.42,2810,africa,20532.43
585,60744,2486.34,1.3151,52455446,86088309,11.43,3356,america,20549.18
586,60877,2489.64,1.3151,52633050,86380126,11.43,3039,america,20565.92
587,60994,2492.93,1.3151,52811049,86672504,11.43,3627,asia,20582.66
588,61102,2496.21,1.3151,52989376,86965461,11.43,4159,africa,20599.4
589,61220,2499.48,1.3151,53168032,87259038,11.43,3763,africa,20616.13
590,61309,2502.74,1.3151,53347083,87553194,11.43,5048,asia,20632.85
591,61367,2505.99,1.3151,53526463,87847964,11.44,5253,america,20649.57
592,61439,2509.6,1.3151,53706171,88143383,11.44,5248,africa,20666.3
593,61567,2512.83,1.3151,53886274,88439436,11.44,4720,asia,20683.02
594,61697,2515.68,1.3151,54066706,88736086,11.44,4591,asia,20699.72
595,61817,2518.89,1.3151,54247532,89033300,11.44,4955,africa,20716.41
596,61897,2522.46,1.3151,54428687,89331089,11.44,5285,america,20733.1
597,61757,2525.65,1.3151,54610237,89629533,11.44,6516,asia,20749.79
598,61667,2529.2,1.3151,54792115,89928864,11.44,6505,asia,20766.49
599,61694,2532.37,1.3151,54974322,90229054,11.44,6093,asia,20783.18
600,61575,2535.9,1.3151,55156924,90529931,11.44,6982,asia,20799.87
601,61686,2538.7,1.3151,55339854,90831701,11.43,5990,america,20816.54
602,61935,2542.2,1.3151,55523179,91134058,11.43,5273,america,20833.21
603,62145,2545.7,1.3151,55706833,91436866,11.44,5374,africa,20849.89
604,62388,2548.83,1.3151,55890881,91740172,11.44,5123,asia,20866.56
605,62492,2551.95,1.3151,56075258,92043936,11.45,5761,america,20883.22
606,62667,2555.42,1.3151,56260030,92348296,11.45,5415,america,20899.88
607,62738,2558.88,1.3151,56445130,92653196,11.45,5934,asia,20916.54
608,62845,2562.33,1.3151,56630625,92958760,11.45,5802,africa,20933.21
609,63000,2565.41,1.3151,56816449,93264946,11.45,5571,africa,20949.87
610,63104,2568.48,1.3151,57002667,93571696,11.46,5824,africa,20966.51
611,63091,2572.26,1.3151,57189214,93879071,11.46,6486,america,20983.17
612,63096,2575.31,1.3151,57376155,94187212,11.46,6531,america,20999.82
613,63288,2578.36,1.3151,57563491,94496097,11.45,5658,america,21016.45
614,63520,2582.11,1.3151,57751156,94805501,11.46,5386,america,21033.1
615,63776,2585.13,1.3151,57939215,95115377,11.46,4768,america,21049.73
616,64011,2588.5,1.3151,58127603,95425726,11.47,4613,africa,21066.37
617,64227,2591.51,1.3151,58316386,95736543,11.47,4531,africa,21082.98
618,64423,2594.86,1.3151,58505563,96047850,11.48,4653,africa,21099.6
619,64547,2598.21,1.3151,58695069,96359703,11.48,5536,africa,21116.21
620,64587,2601.54,1.3151,58884969,96672156,11.48,5994,asia,21132.83
621,64772,2605.22,1.3151,59075199,96985312,11.48,5310,africa,21149.46
622,64950,2608.18,1.3151,59265822,97299026,11.48,5187,america,21166.07
623,65111,2611.49,1.3151,59456841,97613276,11.49,5358,america,21182.68
624,65155,2614.78,1.3151,59648188,97928112,11.49,5961,america,21199.28
625,65185,2618.42,1.3151,59839929,98243646,11.49,6131,africa,21215.9
626,65367,2621.35,1.3151,60032065,98559924,11.49,5416,africa,21232.5
627,65563,2624.97,1.3151,60224530,98876734,11.49,4810,america,21249.11
628,65757,2627.87,1.3151,60417390,99194088,11.49,4285,africa,21265.7
629,65935,2631.47,1.3151,60610644,99511960,11.5,4438,africa,21282.3
630,66014,2634.36,1.3151,60804292,99830398,11.5,5787,america,21298.88
631,66021,2637.94,1.3151,60998269,100149521,11.5,6226,africa,21315.46
632,66187,2641.16,1.3151,61192641,100469416,11.5,5506,africa,21332.05
633,66265,2644.37,1.3151,61387407,100789861,11.5,5954,america,21348.62
634,66453,2647.92,1.3151,61582503,101110993,11.5,5286,africa,21365.21
635,66642,2651.11,1.3151,61777992,101432680,11.51,4706,africa,21381.79
636,66830,2654.29,1.3151,61973876,101754919,11.51,4202,africa,21398.36
637,67005,2657.46,1.3151,62170155,102077713,11.51,4312,asia,21414.92
638,67171,2660.63,1.3151,62366828,102401077,11.52,4305,asia,21431.47
639,67340,2664.13,1.3151,62563830,102725022,11.52,3862,asia,21448.03
640,67471,2667.62,1.3151,62761227,103049544,11.52,5349,asia,21464.6
641,67562,2670.75,1.3151,62959018,103374689,11.52,5729,america,21481.15
642,67691,2673.88,1.3151,63157203,103700505,11.52,5578,africa,21497.7
643,67807,2676.64,1.3151,63355783,104026975,11.53,5656,africa,21514.21
644,67956,2680.44,1.3151,63554692,104354087,11.53,5055,america,21530.75
645,68101,2683.53,1.3151,63753996,104681800,11.53,5092,america,21547.28
646,68237,2686.97,1.3151,63953694,105010119,11.53,5418,africa,21563.81
647,68383,2690.39,1.3151,64153786,105339054,11.53,4850,asia,21580.35
648,68530,2693.46,1.3151,64354273,105668625,11.53,4700,asia,21596.87
649,68654,2696.52,1.3151,64555155,105998799,11.54,5636,africa,21613.38
650,68793,2699.91,1.3151,64756365,106329634,11.54,5046,america,21629.89
651,68909,2703.29,1.3151,64957970,106661082,11.54,6115,asia,21646.41
652,69041,2706.32,1.3151,65159969,106993201,11.54,5465,america,21662.9
653,69186,2710.03,1.3151,65362363,107325942,11.54,4896,africa,21679.42
654,69328,2713.04,1.3151,65565151,107659319,11.54,4918,america,21695.92
655,69469,2716.38,1.3151,65768334,107993305,11.55,4935,america,21712.43
656,69619,2719.38,1.3151,65971912,108327933,11.55,4435,america,21728.91
657,69746,2722.7,1.3151,66175884,108663160,11.55,5410,africa,21745.39
658,69612,2726.02,1.3151,66380250,108999045,11.55,7093,america,21761.88
659,69691,2728.98,1.3151,66585011,109335900,11.55,6220,asia,21778.34
660,69819,2732.28,1.3151,66790167,109673471,11.55,6023,asia,21794.81
661,70013,2735.23,1.3151,66995717,110011698,11.55,5381,asia,21811.25
662,70013,2738.5,1.3151,67201662,110350503,11.55,6684,asia,21827.7
663,70121,2741.77,1.3151,67408001,110690117,11.55,6239,asia,21844.14
664,70170,2745.03,1.3151,67614735,111030412,11.55,6594,africa,21860.58
665,70236,2748.27,1.3151,67821863,111371458,11.55,6604,asia,21877.01
666,70456,2751.51,1.3151,68029386,111713235,11.55,5851,america,21893.44
667,70688,2754.74,1.3151,68237303,112055557,11.56,5213,africa,21909.86
668,70913,2758.3,1.3151,68445615,112398412,11.56,4658,asia,21926.3
669,71130,2761.51,1.3151,68654321,112741806,11.56,4173,africa,21942.73
670,71317,2764.71,1.3151,68863422,113085750,11.57,4929,asia,21959.16
671,71480,2768.24,1.3151,69072918,113430280,11.57,5653,africa,21975.6
672,71612,2771.43,1.3151,69282808,113775454,11.57,5978,asia,21992.03
673,71777,2774.94,1.3151,69493092,114121279,11.57,5344,america,22008.46
674,71926,2778.1,1.3151,69703771,114467717,11.58,5812,america,22024.9
675,72087,2781.26,1.3151,69914845,114814816,11.58,5200,africa,22041.32
676,72242,2784.74,1.3151,70126313,115162531,11.58,5282,asia,22057.75
677,72396,2787.88,1.3151,70338175,115510901,11.58,5152,asia,22074.17
678,72549,2791.01,1.3151,70550432,115859926,11.58,5039,america,22090.59
679,72710,2794.13,1.3151,70763150,116209577,11.59,4529,africa,22106.99
680,72842,2797.56,1.3151,70976262,116559845,11.59,5775,america,22123.4
681,72910,2801.0,1.3151,71189768,116910795,11.59,6302,america,22139.81
682,73059,2803.76,1.3151,71403669,117262503,11.59,5642,africa,22156.2
683,73219,2807.17,1.3151,71617965,117614872,11.59,5062,asia,22172.6
684,73378,2810.57,1.3151,71832655,117967889,11.59,4945,asia,22188.99
685,73476,2813.96,1.3151,72047740,118321525,11.6,6203,america,22205.39
686,73582,2816.69,1.3151,72263284,118675884,11.6,6215,asia,22221.77
687,73739,2820.06,1.3151,72479224,119030956,11.6,5567,america,22238.14
688,73856,2823.42,1.3151,72695558,119386679,11.6,6198,africa,22254.52
689,74015,2826.44,1.3151,72912286,119743102,11.6,5550,america,22270.88
690,73927,2829.79,1.3151,73129475,120100174,11.6,7319,america,22287.25
691,73923,2833.12,1.3151,73347058,120458191,11.6,7103,america,22303.61
692,73995,2836.12,1.3151,73565036,120817054,11.6,6846,america,22319.97
693,74051,2839.76,1.3151,73783409,121176670,11.6,7006,africa,22336.33
694,74274,2843.06,1.3151,74002175,121537059,11.6,6204,asia,22352.7
695,74496,2846.03,1.3151,74221403,121898020,11.6,6149,africa,22369.05
696,74489,2849.32,1.3151,74441024,122259585,11.61,7308,america,22385.41
697,74542,2852.6,1.3151,74661041,122621998,11.61,7140,africa,22401.75
698,74771,2855.86,1.3151,74881517,122985187,11.61,6297,asia,22418.1
699,74966,2858.8,1.3151,75102388,123348972,11.61,6402,america,22434.43
700,75142,2862.37,1.3151,75323654,123713363,11.61,6472,asia,22450.77
701,75379,2865.28,1.3151,75545380,124078413,11.61,5753,asia,22467.1
702,75530,2868.83,1.3151,75767500,124444018,11.62,6501,africa,22483.43
703,75583,2872.05,1.3151,75990015,124810312,11.62,7032,africa,22499.77
704,75804,2875.26,1.3151,76212990,125177382,11.62,6232,africa,22516.09
705,75986,2878.46,1.3151,76436360,125545057,11.62,6374,asia,22532.42
706,76191,2881.97,1.3151,76660124,125913384,11.62,6153,africa,22548.75
707,76304,2884.84,1.3151,76884349,126282335,11.63,6674,asia,22565.06
708,76508,2888.33,1.3151,77108968,126651990,11.63,5929,asia,22581.38
709,76696,2891.49,1.3151,77334047,127022271,11.63,6190,africa,22597.7
710,76686,2894.64,1.3151,77559521,127393195,11.63,7301,africa,22614.01
711,76636,2898.1,1.3151,77785389,127765002,11.63,7670,america,22630.32
712,76506,2900.92,1.3151,78011718,128137739,11.63,8303,asia,22646.61
713,76644,2904.36,1.3151,78238441,128511502,11.63,7140,asia,22662.91
714,76641,2907.48,1.3151,78465625,128885969,11.63,7920,africa,22679.21
715,76721,2910.9,1.3151,78693203,129261310,11.63,7624,america,22695.5
716,76937,2914.0,1.3151,78921241,129637425,11.63,6974,africa,22711.79
717,77225,2917.4,1.3151,79149674,130014150,11.63,6534,africa,22728.08
718,77453,2920.48,1.3151,79378567,130391400,11.64,6730,africa,22744.37
719,77590,2923.55,1.3151,79607855,130769277,11.64,7153,asia,22760.64
720,77829,2926.92,1.3151,79837603,131147859,11.64,6625,africa,22776.92
721,78109,2929.97,1.3151,80067745,131527054,11.64,5856,america,22793.18
722,78367,2933.33,1.3151,80298348,131906783,11.65,5703,africa,22809.45
723,78618,2936.67,1.3151,80529346,132287103,11.65,5067,asia,22825.72
724,78853,2939.69,1.3151,80760803,132667991,11.65,4861,africa,22841.98
725,79036,2943.02,1.3151,80992655,133049497,11.66,6476,africa,22858.24
726,79229,2946.34,1.3151,81224968,133431654,11.66,5759,africa,22874.5
727,79289,2949.02,1.3151,81457740,133814479,11.66,7085,asia,22890.73
728,79446,2952.94,1.3151,81690908,134198103,11.66,6663,asia,22906.99
729,79517,2955.92,1.3151,81924535,134582437,11.66,7126,america,22923.24
730,79720,2959.2,1.3151,82158557,134967587,11.66,6323,asia,22939.49
731,79904,2962.46,1.3151,82393040,135353363,11.67,6570,america,22955.74
732,80101,2965.72,1.3151,82627982,135739818,11.67,5844,asia,22971.98
733,80289,2968.97,1.3151,82863319,136126937,11.67,5841,africa,22988.23
734,80483,2971.91,1.3151,83099117,136514730,11.67,5214,africa,23004.45
735,80680,2975.14,1.3151,83335374,136903191,11.67,4669,america,23020.68
736,80868,2978.36,1.3151,83572027,137292315,11.68,4660,africa,23036.9
737,81058,2981.57,1.3151,83809139,137682113,11.68,4191,america,23053.12
738,81197,2984.77,1.3151,84046712,138072583,11.68,6348,africa,23069.33
739,81351,2987.96,1.3151,84284679,138463787,11.68,5691,africa,23085.54
740,81503,2991.14,1.3151,84523107,138855706,11.68,5809,america,23101.75
741,81667,2994.32,1.3151,84761995,139248342,11.69,5221,africa,23117.95
742,81822,2997.79,1.3151,85001277,139641682,11.69,5514,america,23134.16
743,81988,3000.94,1.3151,85241020,140035735,11.69,4966,asia,23150.37
744,82162,3004.09,1.3151,85481223,140430520,11.69,4484,asia,23166.57
745,82303,3007.53,1.3151,85721821,140825995,11.69,5869,asia,23182.77
746,82458,3010.66,1.3151,85962878,141222202,11.69,5293,africa,23198.97
747,82512,3013.47,1.3151,86204397,141619152,11.7,7142,africa,23215.15
748,82563,3016.88,1.3151,86446375,142016938,11.7,7266,africa,23231.33
749,82675,3019.98,1.3151,86688748,142415592,11.7,7051,asia,23247.51
750,82505,3023.38,1.3151,86931581,142815012,11.7,8609,africa,23263.69
751,82518,3026.46,1.3151,87174875,143215566,11.69,7959,america,23279.86
752,82573,3029.83,1.3151,87418628,143617005,11.69,7876,asia,23296.04
753,82725,3032.59,1.3151,87662842,144019307,11.69,7471,africa,23312.2
754,82866,3035.94,1.3151,87907451,144422357,11.69,7537,america,23328.35
755,83151,3039.29,1.3151,88152520,144826168,11.7,6711,asia,23344.51
756,83413,3042.62,1.3151,88398049,145230537,11.7,6636,america,23360.68
757,83436,3045.65,1.3151,88644039,145635521,11.7,7992,america,23376.83
758,83592,3048.66,1.3151,88890488,146041408,11.7,7418,asia,23392.97
759,83627,3051.97,1.3151,89137398,146448038,11.7,8081,africa,23409.11
760,83771,3054.97,1.3151,89384769,146855555,11.7,7626,asia,23425.24
761,83861,3058.25,1.3151,89632599,147263830,11.7,7937,africa,23441.38
762,83608,3061.83,1.3151,89880824,147672927,11.7,9857,africa,23457.52
763,83607,3064.8,1.3151,90129510,148083257,11.7,8908,asia,23473.65
764,83628,3068.06,1.3151,90378655,148494549,11.7,8957,africa,23489.79
765,83909,3071.01,1.3151,90628261,148906745,11.7,7702,africa,23505.9
766,84254,3074.55,1.3151,90878328,149319534,11.7,7258,africa,23522.04
767,84630,3077.78,1.3151,91128854,149732840,11.71,6918,america,23538.17
768,84863,3080.71,1.3151,91379841,150146654,11.71,7490,asia,23554.28
769,85190,3084.22,1.3151,91631288,150561118,11.71,6618,africa,23570.4
770,85489,3087.12,1.3151,91883196,150976150,11.72,6396,america,23586.51
771,85711,3090.61,1.3151,92135563,151391753,11.72,7214,america,23602.63
772,85882,3093.8,1.3151,92388391,151808050,11.72,7441,africa,23618.75
773,85873,3096.68,1.3151,92641680,152225102,11.73,8406,africa,23634.85
774,85962,3100.14,1.3151,92895428,152643094,11.72,8053,africa,23650.96
775,86154,3103.29,1.3151,93149637,153061940,11.72,7582,america,23667.06
776,86427,3106.73,1.3151,93404306,153481515,11.73,7129,america,23683.17
777,86705,3109.58,1.3151,93659435,153901722,11.73,6313,asia,23699.26
778,86946,3112.41,1.3151,93915091,154322556,11.73,7014,asia,23715.34
779,87141,3116.11,1.3151,94171207,154744031,11.74,7281,africa,23731.43
780,87371,3119.22,1.3151,94427783,155166232,11.74,6457,asia,23747.52
781,87550,3122.61,1.3151,94684819,155589117,11.74,7297,africa,23763.61
782,87762,3125.7,1.3151,94942315,156012747,11.74,6477,america,23779.7
783,87938,3128.78,1.3151,95200272,156437082,11.74,7269,asia,23795.78
784,88138,3132.15,1.3151,95458690,156862167,11.75,6459,america,23811.86
785,88335,3135.21,1.3151,95717567,157288001,11.75,6288,africa,23827.93
786,88376,3138.26,1.3151,95976905,157714559,11.75,7943,africa,23844.0
787,88574,3141.31,1.3151,96236768,158142028,11.75,7054,africa,23860.05
788,88770,3144.92,1.3151,96497092,158570219,11.75,6795,africa,23876.13
789,88963,3147.94,1.3151,96757877,158999135,11.75,6626,asia,23892.19
790,89152,3150.96,1.3151,97019121,159428810,11.76,6569,africa,23908.24
791,89338,3154.25,1.3151,97280826,159859217,11.76,6444,africa,23924.29
792,89310,3156.96,1.3151,97543057,160290392,11.76,8357,africa,23940.32
793,89496,3160.53,1.3151,97805748,160722560,11.76,7409,america,23956.36
794,89696,3163.79,1.3151,98068900,161155464,11.76,7150,africa,23972.41
795,89895,3167.05,1.3151,98332512,161589119,11.76,6853,africa,23988.45
796,90088,3170.01,1.3151,98596584,162023525,11.76,6826,asia,24004.48
797,90290,3173.25,1.3151,98861182,162458660,11.77,6096,america,24020.51
798,90486,3176.19,1.3151,99126240,162894542,11.77,6110,africa,24036.53
799,90676,3179.41,1.3151,99391759,163331178,11.77,6071,america,24052.54
800,90863,3182.33,1.3151,99657804,163768577,11.77,6001,asia,24068.54
801,90606,3186.1,1.3151,99924309,164206712,11.77,9654,africa,24084.57
802,90664,3189.3,1.3151,100191274,164646144,11.77,8380,america,24100.6
803,90917,3192.48,1.3151,100458700,165086498,11.77,7453,africa,24116.62
804,91099,3195.37,1.3151,100726651,165527537,11.77,7763,africa,24132.62
805,91198,3198.53,1.3151,100995063,165969348,11.77,8204,america,24148.62
806,91332,3201.97,1.3151,101263935,166412031,11.77,8097,africa,24164.63
807,91384,3204.83,1.3151,101533334,166855542,11.77,8579,asia,24180.63
808,91392,3208.25,1.3151,101803192,167299982,11.77,8934,america,24196.63
809,91538,3210.81,1.3151,102073577,167745431,11.77,8367,asia,24212.6
810,91724,3214.2,1.3151,102344422,168191696,11.77,8183,asia,24228.57
811,91931,3217.59,1.3151,102615727,168638727,11.78,8062,africa,24244.56
812,92239,3220.69,1.3151,102887558,169086500,11.78,7150,africa,24260.54
813,92536,3223.78,1.3151,103159849,169534923,11.78,6361,africa,24276.51
814,92809,3227.14,1.3151,103432667,169983980,11.78,6335,america,24292.49
815,93075,3230.21,1.3151,103705945,170433729,11.79,5659,africa,24308.46
816,93323,3232.99,1.3151,103979748,170884179,11.79,5672,america,24324.41
817,93568,3236.32,1.3151,104254013,171335321,11.79,5090,america,24340.36
818,93788,3239.64,1.3151,104528737,171787190,11.79,5549,africa,24356.32
819,93999,3242.96,1.3151,104803987,172239784,11.8,5544,america,24372.28
820,94213,3246.26,1.3151,105079698,172693145,11.8,4996,africa,24388.25
821,94429,3249.0,1.3151,105355935,173147270,11.8,4516,asia,24404.19
822,94645,3252.28,1.3151,105632632,173602155,11.8,4093,america,24420.14
823,94826,3255.56,1.3151,105909855,174057771,11.8,5349,africa,24436.09
824,94996,3258.27,1.3151,106187604,174514220,11.81,5777,africa,24452.01
825,95135,3261.8,1.3151,106465813,174971454,11.81,7281,asia,24467.95
826,95283,3265.04,1.3151,106744549,175429542,11.81,7151,africa,24483.89
827,95436,3268.28,1.3151,107023745,175888473,11.81,7141,america,24499.83
828,95545,3271.23,1.3151,107303466,176348240,11.81,8006,asia,24515.76
829,95684,3274.45,1.3151,107583648,176808926,11.81,7918,africa,24531.69
830,95737,3277.66,1.3151,107864357,177270435,11.81,8427,america,24547.61
831,95611,3280.59,1.3151,108145525,177732930,11.81,9515,america,24563.53
832,95611,3284.05,1.3151,108427219,178196597,11.81,9141,africa,24579.45
833,95567,3286.96,1.3151,108709440,178661284,11.81,9557,america,24595.36
834,95701,3290.13,1.3151,108992121,179127074,11.81,8825,asia,24611.27
835,95935,3293.29,1.3151,109275327,179593722,11.81,8339,america,24627.17
836,96226,3296.44,1.3151,109559060,180061110,11.81,7989,asia,24643.08
837,96479,3299.58,1.3151,109843253,180529199,11.81,8093,america,24658.97
838,96767,3302.72,1.3151,110127972,180998034,11.82,7228,africa,24674.87
839,96905,3305.84,1.3151,110413218,181467544,11.82,8548,america,24690.76
840,96851,3309.23,1.3151,110698923,181937938,11.82,9632,america,24706.66
841,96960,3312.07,1.3151,110985155,182409447,11.82,8984,america,24722.54
842,97271,3315.43,1.3151,111271912,182881845,11.82,7982,america,24738.43
843,97542,3318.52,1.3151,111559196,183354920,11.82,8081,asia,24754.31
844,97828,3321.6,1.3151,111846940,183828719,11.82,7203,asia,24770.19
845,98096,3324.94,1.3151,112135210,184303226,11.83,7070,asia,24786.07
846,98335,3328.0,1.3151,112424006,184778460,11.83,7640,asia,24801.95
847,98564,3330.78,1.3151,112713328,185254458,11.83,7516,america,24817.8
848,98778,3334.36,1.3151,113003110,185731232,11.83,7780,america,24833.67
849,98980,3337.39,1.3151,113293418,186208798,11.84,7994,africa,24849.54
850,99108,3340.42,1.3151,113584253,186687202,11.84,8481,america,24865.39
851,99280,3343.43,1.3151,113875613,187166502,11.84,8303,africa,24881.24
852,99486,3346.7,1.3151,114167499,187646646,11.84,8083,asia,24897.09
853,99704,3349.97,1.3151,114459912,188127593,11.84,7216,africa,24912.94
854,99914,3352.96,1.3151,114752785,188609358,11.84,7267,asia,24928.78
855,100134,3356.2,1.3151,115046183,189091922,11.84,6508,america,24944.63
856,100108,3359.17,1.3151,115340108,189575301,11.85,9302,asia,24960.46
857,100312,3362.39,1.3151,115634559,190059761,11.85,8276,asia,24976.29
858,100260,3365.61,1.3151,115929536,190545027,11.85,9640,africa,24992.13
859,100461,3368.55,1.3151,116225039,191031435,11.85,8514,africa,25007.95
860,100726,3371.75,1.3151,116521068,191518682,11.85,7589,asia,25023.77
861,100969,3374.94,1.3151,116817623,192006660,11.85,7838,africa,25039.59
862,101203,3377.85,1.3151,117114704,192495428,11.85,7666,america,25055.4
863,101431,3381.02,1.3151,117412311,192984994,11.85,7476,america,25071.21
864,101649,3383.92,1.3151,117710445,193475367,11.86,7530,asia,25087.0
865,101855,3387.07,1.3151,118009104,193966558,11.86,7751,america,25102.79
866,101860,3390.21,1.3151,118308289,194458582,11.86,9343,asia,25118.58
867,102083,3393.35,1.3151,118608000,194951680,11.86,8324,africa,25134.36
868,102317,3396.47,1.3151,118908238,195445590,11.86,7434,america,25150.14
869,102343,3399.59,1.3151,119209001,195940300,11.86,9351,africa,25165.92
870,102458,3402.96,1.3151,119510290,196436058,11.86,9034,africa,25181.71
871,102712,3406.05,1.3151,119812106,196932759,11.86,8048,africa,25197.49
872,102938,3409.14,1.3151,120114447,197430234,11.86,8460,america,25213.27
873,103166,3412.48,1.3151,120417315,197928519,11.87,8258,asia,25229.05
874,103384,3415.55,1.3151,120720708,198427640,11.87,8334,america,25244.83
875,103429,3418.88,1.3151,121024628,198927579,11.87,9360,asia,25260.62
876,103666,3421.93,1.3151,121329074,199428574,11.87,8331,asia,25276.4
877,103782,3425.23,1.3151,121634045,199930365,11.87,9090,africa,25292.18
878,103805,3428.0,1.3151,121939543,200433126,11.87,9662,america,25307.95
879,103801,3431.29,1.3151,122245567,200936940,11.87,9975,america,25323.72
880,104055,3434.3,1.3151,122552117,201441869,11.87,8791,america,25339.48
881,104328,3437.57,1.3151,122859258,201947573,11.87,8630,asia,25355.24
882,104601,3440.82,1.3151,123166926,202454060,11.88,8543,america,25371.01
883,104861,3443.55,1.3151,123475120,202961328,11.88,8411,asia,25386.76
884,105092,3446.79,1.3151,123783839,203469395,11.88,8663,america,25402.51
885,105274,3450.02,1.3151,124093085,203978295,11.88,8897,america,25418.26
886,105522,3452.72,1.3151,124402923,204488086,11.88,7916,america,25433.98
887,105752,3456.18,1.3151,124713286,204998690,11.88,8201,america,25449.72
888,105975,3459.38,1.3151,125024176,205510127,11.89,8099,asia,25465.47
889,106194,3462.31,1.3151,125335592,206022407,11.89,8010,america,25481.2
890,106408,3465.5,1.3151,125647599,206535534,11.89,7900,asia,25496.93
891,106606,3468.92,1.3151,125960133,207049515,11.89,8492,america,25512.67
892,106820,3471.83,1.3151,126273192,207564368,11.89,7581,africa,25528.4
893,107030,3474.98,1.3151,126586778,208080104,11.89,7522,africa,25544.13
894,107217,3477.87,1.3151,126900955,208596698,11.9,8482,asia,25559.84
895,107174,3481.26,1.3151,127215659,209114177,11.9,9993,africa,25575.56
896,107230,3484.13,1.3151,127530888,209632848,11.9,9700,america,25591.27
897,107134,3487.5,1.3151,127846709,210152562,11.9,10659,africa,25606.99
898,107337,3490.35,1.3151,128163057,210673532,11.89,9343,africa,25622.69
899,107369,3493.7,1.3151,128479930,211195397,11.9,10259,america,25638.4
900,107560,3496.53,1.3151,128797395,211718334,11.9,9571,america,25654.1
901,107309,3499.86,1.3151,129115386,212242182,11.9,11963,asia,25669.8
902,107459,3502.93,1.3151,129433903,212767472,11.89,10250,asia,25685.5
903,107517,3506.25,1.3151,129753012,213293691,11.89,10794,asia,25701.2
904,107861,3509.3,1.3151,130072648,213820980,11.89,9400,africa,25716.9
905,107902,3512.34,1.3151,130392874,214348997,11.9,10897,asia,25732.59
906,108237,3515.62,1.3151,130713627,214878105,11.9,9473,america,25748.29
907,108500,3518.65,1.3151,131034972,215407950,11.9,9746,asia,25763.98
908,108915,3521.66,1.3151,131356843,215938620,11.9,8606,asia,25779.66
909,108525,3524.41,1.3151,131679305,216469962,11.91,12992,america,25795.32
910,108621,3527.91,1.3151,132002294,217002912,11.9,10958,africa,25811.0
911,108871,3530.89,1.3151,132325874,217536887,11.9,10233,africa,25826.67
912,109114,3534.12,1.3151,132649981,218071732,11.9,10234,africa,25842.34
913,109036,3537.09,1.3151,132974679,218607425,11.9,11932,asia,25858.01
914,109333,3540.3,1.3151,133299903,219144382,11.9,10188,america,25873.67
915,109842,3543.5,1.3151,133625719,219682122,11.91,8945,america,25889.34
916,110140,3546.69,1.3151,133952061,220220422,11.91,9807,america,25905.0
917,110296,3549.87,1.3151,134278995,220759504,11.91,10488,asia,25920.67
918,110409,3552.79,1.3151,134606521,221299569,11.91,10773,asia,25936.33
919,110677,3555.95,1.3151,134934572,221840668,11.91,10030,america,25951.99
920,111038,3559.11,1.3151,135263216,222382586,11.92,9480,africa,25967.64
921,110853,3562.25,1.3151,135592385,222925270,11.92,12268,africa,25983.3
922,110953,3565.38,1.3151,135922147,223469316,11.92,11110,africa,25998.95
923,111083,3568.51,1.3151,136252500,224014413,11.92,11061,asia,26014.6
924,111379,3571.62,1.3151,136583379,224560553,11.92,10255,asia,26030.25
925,111263,3574.73,1.3151,136914850,225107478,11.92,12379,asia,26045.9
926,111354,3577.82,1.3151,137246913,225655713,11.92,11586,america,26061.54
927,111774,3580.91,1.3151,137579501,226205038,11.92,9943,asia,26077.18
928,112184,3584.23,1.3151,137912682,226755029,11.92,9787,africa,26092.83
929,112682,3587.3,1.3151,138246454,227305698,11.92,8580,asia,26108.47
930,113128,3590.36,1.3151,138580819,227856970,11.93,8254,america,26124.11
931,113546,3593.65,1.3151,138915709,228408876,11.93,7282,asia,26139.75
932,113863,3596.45,1.3151,139251191,228961481,11.94,9413,asia,26155.38
933,114037,3599.72,1.3151,139587265,229514876,11.94,10073,america,26171.01
934,114362,3602.74,1.3151,139923930,230069261,11.94,8877,africa,26186.64
935,114144,3606.0,1.3151,140261188,230624427,11.94,12113,america,26202.27
936,114320,3609.25,1.3151,140598971,231181054,11.94,10413,africa,26217.9
937,114700,3612.0,1.3151,140937346,231738670,11.94,9164,asia,26233.52
938,115067,3615.22,1.3151,141276313,232297000,11.94,8093,america,26249.14
939,115408,3618.44,1.3151,141615872,232856090,11.94,7833,america,26264.76
940,115724,3621.41,1.3151,141956023,233415970,11.95,7690,africa,26280.37
941,115762,3624.36,1.3151,142296765,233976671,11.95,10676,america,26295.97
942,115939,3627.55,1.3151,142638099,234538527,11.95,10093,america,26311.58
943,116209,3630.73,1.3151,142979960,235101370,11.95,9637,america,26327.18
944,116493,3633.66,1.3151,143322412,235665089,11.95,9295,america,26342.78
945,116539,3636.82,1.3151,143665455,236229668,11.95,10724,africa,26358.37
946,116711,3640.21,1.3151,144009091,236795391,11.95,10208,africa,26373.98
947,117021,3643.11,1.3151,144353318,237362108,11.95,9033,asia,26389.57
948,117122,3646.24,1.3151,144698138,237929652,11.96,10544,asia,26405.16
949,117424,3649.12,1.3151,145043549,238498306,11.96,9327,asia,26420.74
950,117712,3652.24,1.3151,145389551,239067797,11.96,9143,asia,26436.32
951,118004,3655.58,1.3151,145736146,239638143,11.96,8121,africa,26451.91
952,118271,3658.43,1.3151,146083333,240209368,11.96,8509,africa,26467.48
953,118519,3661.76,1.3151,146431111,240781473,11.97,8819,asia,26483.07
954,118754,3664.59,1.3151,146779481,241354510,11.97,9055,asia,26498.63
955,118938,3667.9,1.3151,147128442,241928465,11.97,9910,asia,26514.21
956,119176,3670.96,1.3151,147477996,242503430,11.97,8816,asia,26529.78
957,119390,3673.77,1.3151,147828141,243079338,11.97,9668,africa,26545.33
958,119611,3677.04,1.3151,148178879,243656220,11.97,9279,asia,26560.89
959,119834,3680.07,1.3151,148530208,244234037,11.97,9040,africa,26576.45
960,119869,3683.33,1.3151,148882128,244812816,11.97,10735,america,26592.01
961,119964,3686.34,1.3151,149234641,245392784,11.97,10598,africa,26607.56
962,120230,3689.34,1.3151,149587745,245973867,11.97,9421,america,26623.11
963,120341,3692.57,1.3151,149941441,246555861,11.98,10586,america,26638.66
964,120614,3695.32,1.3151,150295795,247138952,11.98,9410,america,26654.19
965,120474,3698.53,1.3151,150650741,247722945,11.98,11996,africa,26669.73
966,120552,3701.73,1.3151,151006278,248308336,11.98,11174,asia,26685.26
967,120893,3704.68,1.3151,151362407,248894893,11.98,9903,asia,26700.79
968,121086,3707.86,1.3151,151719128,249482272,11.98,10582,america,26716.32
969,121160,3710.8,1.3151,152076440,250070679,11.98,11258,africa,26731.84
970,121322,3713.73,1.3151,152434411,250660227,11.98,10925,asia,26747.36
971,121347,3717.12,1.3151,152792973,251250810,11.98,11727,africa,26762.88
972,121673,3720.03,1.3151,153152127,251842624,11.98,10297,asia,26778.39
973,122022,3723.16,1.3151,153511872,252435306,11.98,10083,africa,26793.9
974,122270,3726.05,1.3151,153872275,253028800,11.98,10504,asia,26809.41
975,122534,3729.17,1.3151,154233270,253623256,11.99,10396,america,26824.91
976,122873,3732.28,1.3151,154594857,254218655,11.99,9219,asia,26840.4
977,123207,3735.37,1.3151,154957036,254814907,11.99,8200,asia,26855.9
978,123537,3738.46,1.3151,155319872,255411989,11.99,7317,africa,26871.4
979,123846,3741.54,1.3151,155683299,256009935,11.99,7206,africa,26886.89
980,124062,3744.61,1.3151,156047319,256608799,12.0,10233,america,26902.38
981,124256,3747.67,1.3151,156411996,257208635,12.0,10354,asia,26917.86
982,124331,3750.72,1.3151,156777265,257809528,12.0,11032,africa,26933.35
983,124596,3753.77,1.3151,157143126,258411591,12.0,9815,america,26948.82
984,124417,3756.8,1.3151,157509645,259014596,12.0,12511,africa,26964.3
985,124453,3760.06,1.3151,157876755,259619075,12.0,11744,africa,26979.78
986,124396,3763.07,1.3151,158244522,260224772,12.0,12429,africa,26995.25
987,124512,3766.08,1.3151,158612882,260831826,12.0,11782,africa,27010.72
988,124793,3769.3,1.3151,158981833,261440002,12.0,11008,africa,27026.19
989,125076,3772.06,1.3151,159351442,262049130,12.0,10948,asia,27041.65
990,125081,3775.27,1.3151,159721643,262659209,12.0,12391,asia,27057.11
991,125212,3778.24,1.3151,160092501,263270542,12.0,11929,africa,27072.56
992,125630,3781.43,1.3151,160463951,263883008,12.0,10489,africa,27088.01
993,126069,3784.61,1.3151,160836059,264496232,12.0,9289,america,27103.47
994,126464,3787.55,1.3151,161208758,265110219,12.01,9311,africa,27118.92
995,126846,3790.71,1.3151,161582115,265725022,12.01,8281,asia,27134.37
996,127201,3793.87,1.3151,161956063,266340657,12.01,8072,america,27149.83
997,127516,3796.78,1.3151,162330670,266957156,12.01,8700,asia,27165.27
998,127779,3799.69,1.3151,162705933,267574566,12.02,10264,asia,27180.7
999,128057,3803.04,1.3151,163081789,268192952,12.02,9148,africa,27196.14
